"Time","RPS-testing","CPU-testing","p90-testing","replicas-testing","memory-testing","RPS-rl-agent-e1-a2c","CPU-rl-agent-e1-a2c","p90-rl-agent-e1-a2c","replicas-rl-agent-e1-a2c","memory-rl-agent-e1-a2c","RPS-rl-agent-e1-ppo","CPU-rl-agent-e1-ppo","p90-rl-agent-e1-ppo","replicas-rl-agent-e1-ppo"
2023-06-01 17:35:50,67.4,18.3,,1,1.82e-8,168,29.5,126,1,2.93e-8,66.3,23.8,,1
2023-06-01 17:35:55,67.4,22.7,,1,2.26e-8,168,29.7,126,1,2.95e-8,184,28.9,,1
2023-06-01 17:36:00,67.4,23.8,,1,2.37e-8,168,29.0,126,1,2.88e-8,184,28.9,,1
2023-06-01 17:36:05,167,30.2,69.5,1,3e-8,444,74.4,80.4,1,7.39e-8,184,63.1,,1
2023-06-01 17:36:10,167,50.4,69.5,1,5.01e-8,444,77.9,80.4,1,7.74e-8,540,66.2,88.1,1
2023-06-01 17:36:15,167,53.3,69.5,1,5.29e-8,444,77.9,80.4,1,7.74e-8,540,66.2,88.1,1
2023-06-01 17:36:20,506,82.8,95.2,1,8.23e-8,723,90.4,78.8,1,8.98e-8,540,73.2,88.1,1
2023-06-01 17:36:25,506,87.1,95.2,1,8.66e-8,723,112,78.8,1,1.11e-7,832,102,83.7,1
2023-06-01 17:36:30,506,90.2,95.2,1,8.96e-8,723,116,78.8,1,1.15e-7,832,105,83.7,1
2023-06-01 17:36:35,816,114,95.2,1,1.13e-7,846,116,77.1,1,1.15e-7,832,122,83.7,1
2023-06-01 17:36:40,816,121,95.2,1,1.2e-7,846,134,77.1,1,1.33e-7,950,133,83.4,1
2023-06-01 17:36:45,816,123,95.2,1,1.22e-7,846,142,77.1,1,1.41e-7,950,133,83.4,1
2023-06-01 17:36:50,992,152,94.1,1,1.51e-7,805,142,71.8,1,1.41e-7,950,137,83.4,1
2023-06-01 17:36:55,992,152,94.1,1,1.51e-7,805,154,71.8,1,1.53e-7,866,141,76.2,1
2023-06-01 17:37:00,992,162,94.1,1,1.61e-7,805,160,71.8,1,1.59e-7,866,165,76.2,1
2023-06-01 17:37:05,883,165,95.5,1,1.64e-7,757,186,64.5,1,1.85e-7,866,172,76.2,1
2023-06-01 17:37:10,883,181,95.5,1,1.79e-7,757,183,64.5,1,1.82e-7,868,197,84.0,1
2023-06-01 17:37:15,883,187,95.5,1,1.86e-7,757,190,64.5,1,1.89e-7,868,201,84.0,1
2023-06-01 17:37:20,779,190,97.5,1,1.88e-7,726,199,63.8,1,1.98e-7,868,210,84.0,1
2023-06-01 17:37:25,779,209,97.5,1,2.07e-7,726,214,63.8,1,2.12e-7,859,213,89.1,1
2023-06-01 17:37:30,779,212,97.5,1,2.1e-7,726,213,63.8,1,2.12e-7,859,237,89.1,1
2023-06-01 17:37:35,795,200,97.8,1,1.98e-7,719,216,62.4,1,2.14e-7,859,243,89.1,1
2023-06-01 17:37:40,795,241,97.8,1,2.39e-7,719,187,62.4,1,1.86e-7,862,243,89.8,1
2023-06-01 17:37:45,795,241,97.8,1,2.39e-7,719,187,62.4,1,1.86e-7,862,241,89.8,1
2023-06-01 17:37:50,832,242,89.2,1,2.4e-7,722,216,65.3,1,2.15e-7,862,241,89.8,1
2023-06-01 17:37:55,832,246,89.2,1,2.45e-7,722,217,65.3,1,2.15e-7,858,242,86.5,1
2023-06-01 17:38:00,832,246,89.2,1,2.45e-7,722,217,65.3,1,2.15e-7,858,242,86.5,1
2023-06-01 17:38:05,918,246,86.0,1,2.44e-7,727,212,65.3,1,2.11e-7,858,233,86.5,1
2023-06-01 17:38:10,918,243,86.0,1,2.41e-7,727,212,65.3,1,2.11e-7,831,236,83.9,1
2023-06-01 17:38:15,918,243,86.0,1,2.42e-7,727,212,65.3,1,2.11e-7,831,236,83.9,1
2023-06-01 17:38:20,890,240,82.5,1,2.38e-7,745,212,68.6,1,2.11e-7,831,235,83.9,1
2023-06-01 17:38:25,890,240,82.5,1,2.39e-7,745,210,68.6,1,2.09e-7,854,235,82.8,1
2023-06-01 17:38:30,890,228,82.5,1,2.27e-7,745,209,68.6,1,2.08e-7,854,235,82.8,1
2023-06-01 17:38:35,892,217,83.6,1,2.16e-7,718,209,68.6,1,2.08e-7,854,214,82.8,1
2023-06-01 17:38:40,892,232,83.6,1,2.31e-7,718,210,68.6,1,2.09e-7,834,221,79.3,1
2023-06-01 17:38:45,892,229,83.6,1,2.27e-7,718,194,68.6,1,1.93e-7,834,220,79.3,1
2023-06-01 17:38:50,885,233,83.0,1,2.31e-7,723,210,69.0,1,2.09e-7,834,213,79.3,1
2023-06-01 17:38:55,885,245,83.0,1,2.44e-7,723,210,69.0,1,2.08e-7,878,206,79.0,1
2023-06-01 17:39:00,885,245,83.0,1,2.44e-7,723,209,69.0,1,2.07e-7,878,232,79.0,1
2023-06-01 17:39:05,863,252,81.5,1,2.5e-7,702,209,66.0,1,2.07e-7,878,232,79.0,1
2023-06-01 17:39:10,863,253,81.5,1,2.51e-7,702,208,66.0,1,2.06e-7,840,232,74.3,1
2023-06-01 17:39:15,863,253,81.5,1,2.51e-7,702,208,66.0,1,2.06e-7,840,232,74.3,1
2023-06-01 17:39:20,871,237,83.3,1,2.35e-7,732,208,65.3,1,2.06e-7,840,232,74.3,1
2023-06-01 17:39:25,871,251,83.3,1,2.49e-7,732,189,65.3,1,1.88e-7,862,232,73.7,1
2023-06-01 17:39:30,871,251,83.3,1,2.49e-7,732,188,65.3,1,1.87e-7,862,231,73.7,1
2023-06-01 17:39:35,869,251,85.3,1,2.49e-7,703,206,65.3,1,2.05e-7,862,231,73.7,1
2023-06-01 17:39:40,869,251,85.3,1,2.49e-7,703,206,65.3,1,2.04e-7,799,230,73.5,1
2023-06-01 17:39:45,869,250,85.3,1,2.48e-7,703,206,65.3,1,2.04e-7,799,224,73.5,1
2023-06-01 17:39:50,777,235,85.7,1,2.33e-7,627,203,61.9,1,2.01e-7,799,224,73.5,1
2023-06-01 17:39:55,777,237,85.7,1,2.35e-7,627,195,61.9,1,1.93e-7,669,217,73.9,1
2023-06-01 17:40:00,478,234,72.1,1,2.32e-7,627,195,61.9,1,1.93e-7,427,213,66.1,1
2023-06-01 17:40:05,405,232,69.5,1,2.31e-7,511,193,53.6,1,1.92e-7,445,213,66.0,1
2023-06-01 17:40:10,421,231,69.5,1,2.3e-7,360,182,64.9,1,1.81e-7,383,208,59.8,1
2023-06-01 17:40:15,458,203,70.3,1,2.02e-7,375,187,64.7,1,1.86e-7,394,199,59.9,1
2023-06-01 17:40:20,423,209,67.7,1,2.08e-7,346,186,48.4,1,1.84e-7,411,199,59.9,1
2023-06-01 17:40:25,443,145,67.7,2,1.44e-7,365,112,48.0,2,1.11e-7,378,122,46.5,2
2023-06-01 17:40:30,454,147,70.0,2,1.46e-7,380,119,47.9,2,1.18e-7,395,110,48.0,2
2023-06-01 17:40:35,448,151,67.1,2,1.5e-7,378,124,45.5,2,1.23e-7,409,123,47.9,2
2023-06-01 17:40:40,448,157,67.3,2,1.56e-7,385,125,43.8,2,1.24e-7,407,123,49.0,2
2023-06-01 17:40:45,449,150,66.8,2,1.49e-7,385,127,43.2,2,1.26e-7,398,133,45.4,2
2023-06-01 17:40:50,441,156,65.6,2,1.55e-7,383,128,43.1,2,1.28e-7,398,135,45.4,2
2023-06-01 17:40:55,441,157,65.6,2,1.56e-7,385,129,42.1,2,1.28e-7,391,137,45.7,2
2023-06-01 17:41:00,370,148,63.7,2,1.47e-7,385,132,42.1,2,1.31e-7,397,130,43.2,2
2023-06-01 17:41:05,296,146,46.4,2,1.45e-7,386,134,42.1,2,1.33e-7,397,131,43.2,2
2023-06-01 17:41:10,296,148,46.4,2,1.47e-7,380,124,43.9,2,1.23e-7,397,130,42.5,2
2023-06-01 17:41:15,243,142,42.6,2,1.42e-7,380,124,43.9,2,1.23e-7,394,131,39.6,2
2023-06-01 17:41:20,190,133,35.0,2,1.32e-7,376,136,45.6,2,1.35e-7,394,140,39.6,2
2023-06-01 17:41:25,190,133,35.0,2,1.32e-7,379,139,46.8,2,1.38e-7,397,142,38.9,2
2023-06-01 17:41:30,137,131,23.3,2,1.3e-7,379,142,46.8,2,1.41e-7,401,142,39.9,2
2023-06-01 17:41:35,97.1,118,,2,1.17e-7,381,138,46.8,2,1.37e-7,401,140,39.9,2
2023-06-01 17:41:40,97.1,118,,2,1.17e-7,378,142,47.0,2,1.41e-7,407,142,38.9,2
2023-06-01 17:41:45,94.0,113,,2,1.12e-7,378,141,47.0,2,1.4e-7,401,142,38.4,2
2023-06-01 17:41:50,94.4,113,,2,1.12e-7,370,134,45.5,2,1.33e-7,401,142,38.4,2
2023-06-01 17:41:55,94.4,99.4,,2,9.88e-8,373,135,45.5,2,1.34e-7,394,140,39.4,2
2023-06-01 17:42:00,93.5,93.6,,2,9.3e-8,373,140,45.5,2,1.39e-7,400,141,39.3,2
2023-06-01 17:42:05,93.1,92.0,,2,9.14e-8,377,139,44.5,2,1.38e-7,400,133,39.3,2
2023-06-01 17:42:10,93.1,84.4,,2,8.39e-8,372,139,43.9,2,1.38e-7,401,134,40.2,2
2023-06-01 17:42:15,92.9,75.9,,2,7.54e-8,372,133,43.9,2,1.33e-7,394,140,39.4,2
2023-06-01 17:42:20,93,75.5,,2,7.5e-8,366,138,46.1,2,1.37e-7,394,136,39.4,2
2023-06-01 17:42:25,93,65.1,,2,6.47e-8,376,135,45.5,2,1.34e-7,353,130,39.3,2
2023-06-01 17:42:30,92.6,60.0,,2,5.96e-8,376,137,45.5,2,1.36e-7,315,129,38.3,2
2023-06-01 17:42:35,92.1,59.4,,2,5.9e-8,371,136,45.8,2,1.35e-7,315,130,38.3,2
2023-06-01 17:42:40,92.1,59.4,,2,5.9e-8,352,136,39.2,2,1.35e-7,278,125,37.3,2
2023-06-01 17:42:45,92.3,57.4,,2,5.7e-8,352,134,39.2,2,1.33e-7,246,117,34.5,2
2023-06-01 17:42:50,92.6,56.8,,2,5.64e-8,325,130,42.7,2,1.29e-7,246,107,34.5,2
2023-06-01 17:42:55,92.6,58.5,,2,5.81e-8,306,122,47.6,2,1.21e-7,267,115,43.5,2
2023-06-01 17:43:00,93.4,59.2,,2,5.88e-8,306,125,47.6,2,1.24e-7,287,120,57.1,2
2023-06-01 17:43:05,94.4,60.1,,2,5.98e-8,323,128,54.7,2,1.27e-7,287,119,57.1,2
2023-06-01 17:43:10,94.4,60.0,,2,5.96e-8,326,128,62.4,2,1.27e-7,326,123,58.6,2
2023-06-01 17:43:15,93.8,58.9,,2,5.85e-8,326,128,62.4,2,1.27e-7,370,123,66.4,2
2023-06-01 17:43:20,92.7,59.7,,2,5.93e-8,341,130,58.4,2,1.29e-7,370,122,66.4,2
2023-06-01 17:43:25,92.7,57.4,,2,5.7e-8,368,130,59.6,2,1.29e-7,424,124,63.0,2
2023-06-01 17:43:30,92.9,59.3,,2,5.89e-8,368,122,59.6,2,1.21e-7,464,125,60.0,2
2023-06-01 17:43:35,93.5,59.2,,2,5.88e-8,405,133,56.9,2,1.33e-7,464,125,60.0,2
2023-06-01 17:43:40,93.5,58.1,,2,5.77e-8,432,129,50.4,2,1.28e-7,457,125,48.8,2
2023-06-01 17:43:45,93.5,53.9,,2,5.36e-8,432,128,50.4,2,1.28e-7,454,126,37.2,2
2023-06-01 17:43:50,93.1,57.3,,2,5.69e-8,426,140,45.3,2,1.39e-7,454,127,37.2,2
2023-06-01 17:43:55,93.1,57.1,,2,5.68e-8,423,135,39.6,2,1.34e-7,459,119,37.0,2
2023-06-01 17:44:00,92.3,59.3,,2,5.89e-8,423,138,39.6,2,1.37e-7,467,130,35.2,2
2023-06-01 17:44:05,92.3,59.8,,2,5.94e-8,421,142,41.7,2,1.41e-7,467,133,35.2,2
2023-06-01 17:44:10,92.3,58.8,,2,5.84e-8,424,140,43.1,2,1.39e-7,461,135,35.8,2
2023-06-01 17:44:15,93.2,57.9,,2,5.75e-8,424,138,43.1,2,1.37e-7,451,142,35.1,2
2023-06-01 17:44:20,94.0,57.2,,2,5.68e-8,418,145,44.2,2,1.44e-7,451,149,35.1,2
2023-06-01 17:44:25,94.0,56.9,,2,5.65e-8,399,144,43.4,2,1.43e-7,443,150,36.6,2
2023-06-01 17:44:30,94.3,52.0,,2,5.17e-8,399,146,43.4,2,1.45e-7,440,148,36.0,2
2023-06-01 17:44:35,94.0,57.5,,2,5.72e-8,408,153,42.0,2,1.52e-7,440,152,36.0,2
2023-06-01 17:44:40,94.0,58.9,,2,5.85e-8,437,155,40.5,2,1.54e-7,440,155,35.8,2
2023-06-01 17:44:45,92,58.5,,2,5.81e-8,437,151,40.5,2,1.5e-7,432,154,34.5,2
2023-06-01 17:44:50,88.7,57.8,,2,5.74e-8,429,155,40.1,2,1.54e-7,432,150,34.5,2
2023-06-01 17:44:55,88.7,57.4,,2,5.7e-8,404,155,40.2,2,1.54e-7,407,153,33.3,2
2023-06-01 17:45:00,83.7,55.2,,2,5.49e-8,306,152,40.9,2,1.51e-7,384,150,32.6,2
2023-06-01 17:45:05,78.3,53.1,,2,5.27e-8,297,151,38.3,2,1.5e-7,384,149,32.6,2
2023-06-01 17:45:10,61.1,53.3,,2,5.29e-8,297,148,39.8,2,1.47e-7,286,147,22.8,2
2023-06-01 17:45:15,58.7,54.3,,2,5.39e-8,305,144,39.9,2,1.43e-7,273,146,22.3,2
2023-06-01 17:45:20,56.6,53.5,,2,5.32e-8,288,133,39.4,2,1.32e-7,281,143,22.2,2
2023-06-01 17:45:25,58.4,38.9,,3,3.87e-8,259,105,37.9,3,1.04e-7,272,109,17.9,3
2023-06-01 17:45:30,57.9,37.9,,3,3.77e-8,268,104,38.4,3,1.03e-7,269,106,18.4,3
2023-06-01 17:45:35,60.8,39.2,,3,3.89e-8,265,110,37.1,3,1.1e-7,277,105,18.4,3
2023-06-01 17:45:40,60.7,40.0,,3,3.98e-8,265,112,33.6,3,1.11e-7,300,106,21.3,3
2023-06-01 17:45:45,60.1,40.3,,3,4.01e-8,268,111,34.2,3,1.11e-7,309,113,23.0,3
2023-06-01 17:45:50,59.9,40.9,,3,4.06e-8,270,112,34.0,3,1.11e-7,309,111,23.0,3
2023-06-01 17:45:55,60.3,38.8,,3,3.85e-8,273,113,31.4,3,1.12e-7,309,114,26.8,3
2023-06-01 17:46:00,60.5,40.3,,3,4.01e-8,274,113,32.3,3,1.12e-7,314,115,26.8,3
2023-06-01 17:46:05,61.3,38.4,,3,3.81e-8,275,114,32.2,3,1.13e-7,314,116,26.8,3
2023-06-01 17:46:10,64.9,39.4,,3,3.92e-8,274,114,30.9,3,1.14e-7,310,115,30.2,3
2023-06-01 17:46:15,73.6,40.2,4.44,3,3.99e-8,274,115,30.6,3,1.14e-7,303,115,27.7,3
2023-06-01 17:46:20,90.5,48.4,12.1,3,4.81e-8,273,116,30.9,3,1.15e-7,303,114,27.7,3
2023-06-01 17:46:25,116,49.0,15.6,3,4.87e-8,272,110,34.0,3,1.1e-7,282,112,25.8,3
2023-06-01 17:46:30,146,54.0,21.7,3,5.36e-8,270,112,32.6,3,1.11e-7,273,115,21.7,3
2023-06-01 17:46:35,172,57.9,21.1,3,5.75e-8,270,110,33.3,3,1.09e-7,273,114,21.7,3
2023-06-01 17:46:40,192,63.6,20.8,3,6.32e-8,266,110,31.5,3,1.09e-7,273,117,18.3,3
2023-06-01 17:46:45,214,63.4,19.9,3,6.29e-8,265,114,31.3,3,1.13e-7,270,116,17.6,3
2023-06-01 17:46:50,238,70.9,18.2,3,7.05e-8,266,111,30.9,3,1.1e-7,270,116,17.6,3
2023-06-01 17:46:55,253,74.0,18.4,3,7.35e-8,269,111,31.1,3,1.1e-7,275,116,17.1,3
2023-06-01 17:47:00,269,78.2,17.6,3,7.76e-8,267,110,30.5,3,1.09e-7,279,114,15.7,3
2023-06-01 17:47:05,276,83.9,12.6,3,8.33e-8,266,113,30.3,3,1.12e-7,279,116,15.7,3
2023-06-01 17:47:10,276,84.2,11.1,3,8.36e-8,263,109,28.0,3,1.08e-7,280,117,17.6,3
2023-06-01 17:47:15,272,93.1,7.42,3,9.25e-8,264,109,30.6,3,1.08e-7,281,112,18.8,3
2023-06-01 17:47:20,273,97.0,7.28,3,9.64e-8,264,114,30.5,3,1.13e-7,281,113,18.8,3
2023-06-01 17:47:25,274,102,7.53,3,1.01e-7,267,114,29.5,3,1.13e-7,280,112,18.1,3
2023-06-01 17:47:30,271,105,9.15,3,1.04e-7,266,113,29.0,3,1.12e-7,280,112,19.1,3
2023-06-01 17:47:35,259,107,9.12,3,1.06e-7,263,113,29.0,3,1.13e-7,280,112,19.1,3
2023-06-01 17:47:40,244,108,8.86,3,1.08e-7,258,111,31.0,3,1.1e-7,274,109,19.5,3
2023-06-01 17:47:45,228,108,9.87,3,1.07e-7,258,113,30.9,3,1.12e-7,270,107,19.8,3
2023-06-01 17:47:50,221,107,10.9,3,1.06e-7,259,113,31.1,3,1.12e-7,270,110,19.8,3
2023-06-01 17:47:55,222,111,13.0,3,1.1e-7,260,111,30.4,3,1.1e-7,269,108,19.2,3
2023-06-01 17:48:00,227,116,23.0,3,1.16e-7,258,110,29.9,3,1.09e-7,269,109,18.8,3
2023-06-01 17:48:05,229,117,27.0,3,1.16e-7,256,112,29.9,3,1.11e-7,269,107,18.8,3
2023-06-01 17:48:10,230,112,26.7,3,1.11e-7,253,107,29.6,3,1.06e-7,268,110,19.8,3
2023-06-01 17:48:15,233,114,22.9,3,1.14e-7,251,108,29.0,3,1.07e-7,265,109,18.9,3
2023-06-01 17:48:20,242,112,22.2,3,1.11e-7,252,112,29.0,3,1.11e-7,265,110,18.9,3
2023-06-01 17:48:25,255,112,21.5,3,1.11e-7,254,108,26.8,3,1.07e-7,268,107,19.7,3
2023-06-01 17:48:30,270,111,20.5,3,1.1e-7,254,107,27.8,3,1.07e-7,266,108,20.1,3
2023-06-01 17:48:35,278,113,17.6,3,1.12e-7,253,107,27.6,3,1.06e-7,266,107,20.1,3
2023-06-01 17:48:40,277,108,15.9,3,1.08e-7,252,108,23.7,3,1.07e-7,254,106,25.8,3
2023-06-01 17:48:45,273,114,10.1,3,1.13e-7,251,110,22.2,3,1.09e-7,252,105,28.7,3
2023-06-01 17:48:50,270,115,8.64,3,1.14e-7,251,108,22.0,3,1.07e-7,252,102,28.7,3
2023-06-01 17:48:55,268,115,8.29,3,1.14e-7,250,107,23.0,3,1.06e-7,255,98.6,33.6,3
2023-06-01 17:49:00,268,113,11.5,3,1.12e-7,251,104,23.2,3,1.03e-7,252,103,35.6,3
2023-06-01 17:49:05,268,111,11.5,3,1.1e-7,250,108,23.5,3,1.08e-7,252,102,35.6,3
2023-06-01 17:49:10,271,107,11.7,3,1.07e-7,247,106,25.9,3,1.05e-7,252,102,40.2,3
2023-06-01 17:49:15,272,109,12.0,3,1.09e-7,247,108,26.0,3,1.07e-7,260,102,44.1,3
2023-06-01 17:49:20,272,114,12.1,3,1.14e-7,248,108,26.3,3,1.07e-7,260,98.6,44.1,3
2023-06-01 17:49:25,269,118,11.9,3,1.18e-7,248,108,29.2,3,1.07e-7,268,96.9,39.9,3
2023-06-01 17:49:30,266,119,11.3,3,1.19e-7,247,107,29.9,3,1.07e-7,268,99.2,37.2,3
2023-06-01 17:49:35,263,117,11.2,3,1.17e-7,245,107,29.8,3,1.06e-7,268,99.3,37.2,3
2023-06-01 17:49:40,256,117,11.3,3,1.16e-7,247,102,27.9,3,1.02e-7,263,96.1,33.8,3
2023-06-01 17:49:45,247,117,8.90,3,1.16e-7,243,104,29.3,3,1.03e-7,269,101,32.6,3
2023-06-01 17:49:50,240,116,9.06,3,1.16e-7,240,98.1,28.8,3,9.74e-8,269,101,32.6,3
2023-06-01 17:49:55,241,118,9.66,3,1.17e-7,236,100,22.3,3,9.97e-8,255,100,24.1,3
2023-06-01 17:50:00,208,117,13.3,3,1.16e-7,191,101,18.5,3,1e-7,237,98.5,19.0,3
2023-06-01 17:50:05,214,119,13.4,3,1.19e-7,189,98.4,17.9,3,9.78e-8,199,96.6,24.6,3
2023-06-01 17:50:10,218,116,13.5,3,1.15e-7,188,98.0,17.5,3,9.73e-8,192,95.9,24.3,3
2023-06-01 17:50:15,212,115,11.6,3,1.14e-7,185,98.0,16.6,3,9.74e-8,194,95.4,24.5,3
2023-06-01 17:50:20,213,116,11.4,3,1.16e-7,186,99.2,16.4,3,9.85e-8,196,95.3,25.0,3
2023-06-01 17:50:25,218,94.7,11.1,4,9.41e-8,185,79.9,18.9,4,7.94e-8,191,79.3,23.4,4
2023-06-01 17:50:30,223,93.2,9.86,4,9.26e-8,187,79.9,16.2,4,7.93e-8,184,79.0,23.1,4
2023-06-01 17:50:35,231,96.8,9.85,4,9.61e-8,189,83.4,16.2,4,8.29e-8,185,79.9,22.5,4
2023-06-01 17:50:40,230,99.0,9.41,4,9.84e-8,187,81.0,16.4,4,8.04e-8,167,80.4,23.6,4
2023-06-01 17:50:45,216,99.8,6.96,4,9.91e-8,186,82.3,15.4,4,8.17e-8,164,78.0,22.1,4
2023-06-01 17:50:50,211,97.9,6.96,4,9.72e-8,186,84.0,15.4,4,8.34e-8,157,76.5,21.6,4
2023-06-01 17:50:55,211,99.0,6.78,4,9.84e-8,186,83.1,12.9,4,8.25e-8,146,76.3,21.0,4
2023-06-01 17:51:00,214,101,7.09,4,1e-7,187,83.0,12.1,4,8.24e-8,142,72.4,20.4,4
2023-06-01 17:51:05,216,102,7.11,4,1.02e-7,188,83.8,12.1,4,8.33e-8,145,73.1,21.2,4
2023-06-01 17:51:10,217,102,7.04,4,1.01e-7,186,83.7,11.9,4,8.31e-8,150,73.8,24.7,4
2023-06-01 17:51:15,216,103,6.91,4,1.02e-7,186,83.2,11.7,4,8.26e-8,152,73.7,25.0,4
2023-06-01 17:51:20,214,103,6.93,4,1.02e-7,184,83.8,11.7,4,8.33e-8,157,73.8,25.2,4
2023-06-01 17:51:25,213,106,6.93,4,1.06e-7,186,81.5,12.3,4,8.1e-8,174,74.5,21.8,4
2023-06-01 17:51:30,212,108,7.59,4,1.07e-7,185,83.5,13.9,4,8.29e-8,182,75.6,21.5,4
2023-06-01 17:51:35,211,109,7.55,4,1.08e-7,187,85.7,14.0,4,8.52e-8,191,78.3,21.2,4
2023-06-01 17:51:40,210,106,7.62,4,1.05e-7,184,85.1,14.7,4,8.46e-8,209,78.2,18.2,4
2023-06-01 17:51:45,210,106,7.51,4,1.05e-7,186,85.4,14.9,4,8.49e-8,212,77.3,17.5,4
2023-06-01 17:51:50,209,106,7.51,4,1.05e-7,184,85.5,15.0,4,8.49e-8,213,79.1,13.5,4
2023-06-01 17:51:55,208,105,7.77,4,1.05e-7,186,83.9,15.8,4,8.33e-8,209,80.5,10.6,4
2023-06-01 17:52:00,208,105,8.15,4,1.05e-7,175,82.2,16.2,4,8.17e-8,210,80.5,10.2,4
2023-06-01 17:52:05,208,107,8.16,4,1.06e-7,169,81.3,16.0,4,8.08e-8,212,78.9,9.09,4
2023-06-01 17:52:10,208,101,8.31,4,9.99e-8,159,78.4,15.9,4,7.79e-8,215,78.8,9.04,4
2023-06-01 17:52:15,207,101,7.88,4,9.99e-8,140,76.9,13.0,4,7.64e-8,215,82.6,9.02,4
2023-06-01 17:52:20,206,105,7.89,4,1.04e-7,133,75.4,13.5,4,7.49e-8,214,82.5,9.37,4
2023-06-01 17:52:25,205,104,7.96,4,1.03e-7,130,75.4,16.2,4,7.49e-8,212,87.3,9.52,4
2023-06-01 17:52:30,202,104,7.80,4,1.03e-7,143,77.8,24.1,4,7.72e-8,212,90.1,9.05,4
2023-06-01 17:52:35,202,104,7.79,4,1.03e-7,149,76.4,26.6,4,7.59e-8,211,92.1,9.31,4
2023-06-01 17:52:40,203,104,7.73,4,1.03e-7,154,76.6,27.5,4,7.61e-8,211,93.5,9.09,4
2023-06-01 17:52:45,204,105,7.55,4,1.04e-7,168,76.6,26.7,4,7.61e-8,210,91.9,8.26,4
2023-06-01 17:52:50,203,104,7.55,4,1.03e-7,179,78.2,25.5,4,7.77e-8,206,92.0,7.66,4
2023-06-01 17:52:55,203,105,7.50,4,1.04e-7,190,78.0,23.5,4,7.74e-8,198,92.4,7.71,4
2023-06-01 17:53:00,194,103,7.01,4,1.02e-7,217,78.1,22.8,4,7.76e-8,196,93.8,7.63,4
2023-06-01 17:53:05,188,102,7.03,4,1.01e-7,227,80.6,21.5,4,8.01e-8,195,94.4,7.71,4
2023-06-01 17:53:10,179,101,7.04,4,1e-7,234,80.2,19.0,4,7.97e-8,193,95.2,7.67,4
2023-06-01 17:53:15,169,97.6,7.96,4,9.69e-8,225,84.5,13.6,4,8.39e-8,191,94.4,7.74,4
2023-06-01 17:53:20,167,97.5,8.52,4,9.68e-8,223,86.3,13.0,4,8.57e-8,190,94.6,7.84,4
2023-06-01 17:53:25,169,98.6,9.34,4,9.79e-8,220,85.9,11.4,4,8.54e-8,188,94.0,7.87,4
2023-06-01 17:53:30,174,98.2,12.0,4,9.75e-8,223,88.0,11.0,4,8.74e-8,188,92.8,7.77,4
2023-06-01 17:53:35,176,94.9,13.5,4,9.43e-8,222,86.8,11.0,4,8.62e-8,192,91.4,7.96,4
2023-06-01 17:53:40,175,94.1,13.3,4,9.35e-8,222,89.2,13.8,4,8.86e-8,197,91.8,8.01,4
2023-06-01 17:53:45,185,92.7,13.5,4,9.2e-8,219,91.3,15.2,4,9.07e-8,199,91.0,7.98,4
2023-06-01 17:53:50,192,97.3,12.4,4,9.67e-8,218,93.4,15.3,4,9.28e-8,198,91.4,8.32,4
2023-06-01 17:53:55,202,95.8,11.8,4,9.52e-8,217,93.7,15.0,4,9.31e-8,199,89.2,8.74,4
2023-06-01 17:54:00,216,94.0,11.1,4,9.34e-8,215,98.0,11.9,4,9.73e-8,198,92.5,8.87,4
2023-06-01 17:54:05,219,95.5,10.2,4,9.48e-8,214,99.9,11.9,4,9.93e-8,199,90.0,8.72,4
2023-06-01 17:54:10,218,94.2,9.78,4,9.36e-8,214,99.4,12.5,4,9.88e-8,198,91.2,8.70,4
2023-06-01 17:54:15,218,95.5,6.61,4,9.49e-8,211,102,13.7,4,1.01e-7,199,90.8,9.87,4
2023-06-01 17:54:20,219,99.6,6.57,4,9.89e-8,210,99.8,13.7,4,9.91e-8,199,90.4,9.97,4
2023-06-01 17:54:25,223,96.3,6.71,4,9.56e-8,208,99.8,10.9,4,9.91e-8,199,90.0,9.79,4
2023-06-01 17:54:30,225,97.4,6.19,4,9.68e-8,210,97.5,9.27,4,9.69e-8,199,91.2,10.0,4
2023-06-01 17:54:35,225,101,6.19,4,1e-7,209,99.4,9.25,4,9.88e-8,201,90.8,10.9,4
2023-06-01 17:54:40,225,99.7,6.09,4,9.9e-8,209,95.5,9.12,4,9.49e-8,201,89.9,10.6,4
2023-06-01 17:54:45,222,103,5.95,4,1.03e-7,200,94.7,9.37,4,9.41e-8,201,92.3,11.1,4
2023-06-01 17:54:50,220,105,5.94,4,1.04e-7,198,96.9,9.37,4,9.63e-8,197,92.2,9.86,4
2023-06-01 17:54:55,216,106,5.85,4,1.05e-7,195,95.1,9.21,4,9.45e-8,192,91.4,9.93,4
2023-06-01 17:55:00,176,105,5.39,4,1.04e-7,200,96.4,11.0,4,9.58e-8,163,87.3,8.02,4
2023-06-01 17:55:05,174,106,5.35,4,1.06e-7,202,96.4,11.0,4,9.58e-8,162,90.5,7.99,4
2023-06-01 17:55:10,171,106,5.28,4,1.05e-7,183,96.2,10.3,4,9.56e-8,158,87.4,7.99,4
2023-06-01 17:55:15,163,101,4.57,4,1e-7,181,95.3,10.1,4,9.47e-8,158,88.2,7.60,4
2023-06-01 17:55:20,161,101,4.55,4,1e-7,182,95.0,10.1,4,9.44e-8,156,79.7,6.86,4
2023-06-01 17:55:25,161,87.3,4.54,5,8.67e-8,178,81.0,9.61,5,8.05e-8,153,74.4,6.84,5
2023-06-01 17:55:30,156,88.9,4.02,5,8.84e-8,185,82.4,9.71,5,8.18e-8,153,75.8,6.06,5
2023-06-01 17:55:35,156,89.6,3.99,5,8.9e-8,189,84.7,9.70,5,8.41e-8,156,77.0,6.28,5
2023-06-01 17:55:40,157,84.3,3.97,5,8.38e-8,195,83.3,9.07,5,8.27e-8,155,75.9,6.15,5
2023-06-01 17:55:45,154,86.8,3.92,5,8.63e-8,186,84.5,6.77,5,8.39e-8,155,76.9,6.22,5
2023-06-01 17:55:50,154,85.5,3.91,5,8.49e-8,183,86.1,6.76,5,8.55e-8,154,77.7,6.11,5
2023-06-01 17:55:55,155,85.1,3.91,5,8.46e-8,179,84.8,6.42,5,8.43e-8,155,76.2,6.17,5
2023-06-01 17:56:00,157,86.4,4.00,5,8.58e-8,179,83.6,6.48,5,8.3e-8,155,74.6,6.49,5
2023-06-01 17:56:05,157,79.8,4.01,5,7.93e-8,179,85.8,6.51,5,8.53e-8,156,77.3,6.65,5
2023-06-01 17:56:10,157,83.7,4.00,5,8.32e-8,178,87.0,6.68,5,8.64e-8,155,77.6,6.63,5
2023-06-01 17:56:15,158,86.4,4.02,5,8.58e-8,175,85.9,5.49,5,8.53e-8,155,77.7,6.41,5
2023-06-01 17:56:20,158,85.5,4.04,5,8.49e-8,174,86.7,5.50,5,8.61e-8,153,76.4,6.32,5
2023-06-01 17:56:25,159,86.7,4.07,5,8.61e-8,172,86.8,5.71,5,8.62e-8,155,76.4,6.37,5
2023-06-01 17:56:30,170,88.7,4.42,5,8.81e-8,172,88.3,6.46,5,8.78e-8,156,77.8,6.67,5
2023-06-01 17:56:35,175,89.8,4.57,5,8.92e-8,172,88.8,6.47,5,8.82e-8,155,78.5,6.68,5
2023-06-01 17:56:40,178,86.1,4.62,5,8.55e-8,171,86.0,6.78,5,8.54e-8,154,76.1,6.69,5
2023-06-01 17:56:45,182,88.6,5.18,5,8.8e-8,169,84.9,5.57,5,8.43e-8,154,75.4,6.96,5
2023-06-01 17:56:50,183,89.6,5.25,5,8.9e-8,168,85.8,5.55,5,8.53e-8,153,75.8,6.78,5
2023-06-01 17:56:55,182,90.2,5.39,5,8.96e-8,166,83.9,5.08,5,8.34e-8,150,73.4,6.79,5
2023-06-01 17:57:00,173,88.6,5.63,5,8.8e-8,166,83.3,5.29,5,8.28e-8,147,73.6,6.88,5
2023-06-01 17:57:05,169,88.6,5.88,5,8.8e-8,166,84.6,5.27,5,8.4e-8,147,74.6,6.91,5
2023-06-01 17:57:10,159,83.0,5.82,5,8.24e-8,166,82.0,5.47,5,8.14e-8,147,75.6,6.98,5
2023-06-01 17:57:15,124,82.5,5.74,5,8.2e-8,164,82.0,6.58,5,8.15e-8,146,74.3,6.73,5
2023-06-01 17:57:20,111,79.5,5.43,5,7.9e-8,163,83.0,6.59,5,8.25e-8,145,75.0,6.80,5
2023-06-01 17:57:25,99.7,75.6,5.35,5,7.51e-8,162,82.2,6.36,5,8.17e-8,145,74.4,6.69,5
2023-06-01 17:57:30,70.8,73.0,4.13,5,7.26e-8,161,81.7,8.42,5,8.12e-8,146,74.2,6.06,5
2023-06-01 17:57:35,62.3,72.1,4.09,5,7.17e-8,162,81.3,8.43,5,8.07e-8,148,73.8,5.99,5
2023-06-01 17:57:40,54.5,66.5,4.01,5,6.61e-8,163,78.6,8.52,5,7.81e-8,151,73.8,5.99,5
2023-06-01 17:57:45,39.5,62.2,,5,6.18e-8,161,78.2,6.76,5,7.77e-8,154,73.9,6.14,5
2023-06-01 17:57:50,35.8,61.7,,5,6.13e-8,161,81.0,6.78,5,8.05e-8,152,73.8,6.04,5
2023-06-01 17:57:55,35.2,61.2,,5,6.08e-8,159,78.3,6.60,5,7.78e-8,146,73.7,6.00,5
2023-06-01 17:58:00,35.1,56.7,,5,5.63e-8,160,78.2,7.92,5,7.77e-8,134,70.1,5.77,5
2023-06-01 17:58:05,35.3,54.4,,5,5.41e-8,159,79.7,7.92,5,7.92e-8,128,68.4,5.74,5
2023-06-01 17:58:10,35.4,51.5,,5,5.12e-8,159,76.8,7.91,5,7.63e-8,112,67.2,5.71,5
2023-06-01 17:58:15,35.8,45.1,,5,4.48e-8,159,76.8,6.56,5,7.63e-8,95.8,63.5,5.60,5
2023-06-01 17:58:20,35.9,43.5,,5,4.32e-8,159,78.0,6.62,5,7.75e-8,87.0,58.6,5.12,5
2023-06-01 17:58:25,35.8,39.4,,5,3.91e-8,159,78.5,6.83,5,7.8e-8,74.1,59.0,5.00,5
2023-06-01 17:58:30,36.1,34.9,,5,3.47e-8,159,77.3,6.97,5,7.68e-8,60.3,56.3,4.84,5
2023-06-01 17:58:35,36.1,32.5,,5,3.23e-8,161,79.0,7.64,5,7.85e-8,57.4,55.8,9.21,5
2023-06-01 17:58:40,35.9,31.6,,5,3.14e-8,169,78.9,12.1,5,7.84e-8,58.0,54.1,15.8,5
2023-06-01 17:58:45,35.9,27.9,,5,2.77e-8,179,79.6,16.5,5,7.91e-8,69.0,55.6,21.3,5
2023-06-01 17:58:50,35.7,27.5,,5,2.73e-8,182,80.3,17.5,5,7.98e-8,77.0,55.6,20.6,5
2023-06-01 17:58:55,35.7,27.9,,5,2.77e-8,181,80.1,18.0,5,7.95e-8,93.6,55.3,26.0,5
2023-06-01 17:59:00,35.5,28.0,,5,2.78e-8,180,78.9,17.9,5,7.84e-8,112,53.0,31.8,5
2023-06-01 17:59:05,35.6,28.0,,5,2.78e-8,180,79.9,17.9,5,7.94e-8,122,55.5,33.7,5
2023-06-01 17:59:10,35.8,27.7,,5,2.76e-8,175,79.2,17.9,5,7.86e-8,141,57.2,35.8,5
2023-06-01 17:59:15,36.1,27.4,,5,2.72e-8,172,79.3,19.6,5,7.88e-8,159,56.0,34.2,5
2023-06-01 17:59:20,36.2,28.0,,5,2.78e-8,169,75.1,18.2,5,7.46e-8,165,57.2,33.2,5
2023-06-01 17:59:25,36.2,27.6,,5,2.74e-8,160,76.6,14.3,5,7.61e-8,173,58.3,25.8,5
2023-06-01 17:59:30,36.4,27.6,,5,2.74e-8,150,76.6,10.4,5,7.61e-8,177,58.1,23.1,5
2023-06-01 17:59:35,36.4,28.2,,5,2.8e-8,147,77.3,10.0,5,7.68e-8,179,58.7,22.8,5
2023-06-01 17:59:40,36.3,28.4,,5,2.82e-8,146,77.0,10.0,5,7.65e-8,181,60.1,18.7,5
2023-06-01 17:59:45,36.2,28.6,,5,2.85e-8,142,76.7,9.89,5,7.62e-8,180,63.5,12.3,5
2023-06-01 17:59:50,36.0,28.5,,5,2.83e-8,141,75.9,9.89,5,7.54e-8,177,66.7,10.7,5
2023-06-01 17:59:55,35.7,28.1,,5,2.79e-8,138,73.1,9.77,5,7.26e-8,170,67.4,8.18,5
2023-06-01 18:00:00,34.3,28.1,,5,2.79e-8,137,72.7,8.91,5,7.22e-8,165,69.9,7.91,5
2023-06-01 18:00:05,34.0,28.0,,5,2.78e-8,136,71.0,8.97,5,7.05e-8,144,74.6,7.54,5
2023-06-01 18:00:10,30.4,27.5,,5,2.74e-8,122,69.6,7.96,5,6.92e-8,142,74.0,7.40,5
2023-06-01 18:00:15,29.4,27.4,,5,2.73e-8,119,69.0,7.02,5,6.85e-8,138,75.0,7.20,5
2023-06-01 18:00:20,29.4,27.2,,5,2.7e-8,119,69.4,7.08,5,6.9e-8,137,73.9,7.12,5
2023-06-01 18:00:25,29.6,24.6,,6,2.44e-8,119,58.9,6.80,6,5.85e-8,134,66.8,7.09,6
2023-06-01 18:00:30,29.3,24.5,,6,2.44e-8,121,60.0,6.73,6,5.96e-8,133,67.6,7.16,6
2023-06-01 18:00:35,29.4,24.7,,6,2.45e-8,122,59.6,6.69,6,5.92e-8,133,70.3,6.38,6
2023-06-01 18:00:40,29.5,24.3,,6,2.42e-8,123,60.1,6.71,6,5.97e-8,134,71.7,6.40,6
2023-06-01 18:00:45,29.5,25.0,,6,2.48e-8,123,61.1,6.42,6,6.07e-8,133,71.8,6.24,6
2023-06-01 18:00:50,29.3,24.5,,6,2.43e-8,123,61.5,6.37,6,6.11e-8,134,72.4,6.12,6
2023-06-01 18:00:55,29.5,24.4,,6,2.42e-8,125,60.7,6.26,6,6.03e-8,135,73.5,6.16,6
2023-06-01 18:01:00,29.8,24.6,,6,2.44e-8,125,61.8,6.26,6,6.14e-8,136,73.5,6.14,6
2023-06-01 18:01:05,29.9,25.4,,6,2.53e-8,127,62.8,6.73,6,6.23e-8,137,73.1,6.19,6
2023-06-01 18:01:10,30.1,24.8,,6,2.47e-8,131,63.1,8.61,6,6.27e-8,138,72.7,6.26,6
2023-06-01 18:01:15,30.3,24.8,,6,2.46e-8,134,62.6,11.5,6,6.22e-8,137,71.5,6.26,6
2023-06-01 18:01:20,30.4,24.4,,6,2.43e-8,135,63.0,13.7,6,6.26e-8,137,71.8,6.48,6
2023-06-01 18:01:25,30.4,25.5,,6,2.54e-8,137,63.8,15.3,6,6.34e-8,138,68.7,6.43,6
2023-06-01 18:01:30,30.6,25.4,,6,2.52e-8,138,63.9,15.6,6,6.35e-8,139,70.5,6.47,6
2023-06-01 18:01:35,30.7,25.6,,6,2.54e-8,138,63.9,15.7,6,6.35e-8,137,71.4,6.72,6
2023-06-01 18:01:40,30.7,24.7,,6,2.46e-8,133,63.2,16.0,6,6.28e-8,136,71.7,6.75,6
2023-06-01 18:01:45,30.7,25.0,,6,2.48e-8,132,61.9,15.7,6,6.15e-8,135,71.9,6.77,6
2023-06-01 18:01:50,30.6,24.7,,6,2.46e-8,129,63.1,14.2,6,6.27e-8,134,71.4,6.93,6
2023-06-01 18:01:55,30.5,24.3,,6,2.42e-8,125,62.0,11.7,6,6.16e-8,133,71.2,6.84,6
2023-06-01 18:02:00,30.5,24.3,,6,2.41e-8,121,61.8,8.92,6,6.14e-8,132,69.0,6.82,6
2023-06-01 18:02:05,30.5,24.9,,6,2.47e-8,121,61.2,7.77,6,6.08e-8,132,66.5,6.18,6
2023-06-01 18:02:10,31.2,25.6,,6,2.54e-8,119,61.3,5.97,6,6.09e-8,131,67.4,6.14,6
2023-06-01 18:02:15,34.3,25.9,,6,2.57e-8,119,61.9,5.34,6,6.15e-8,130,69.4,6.10,6
2023-06-01 18:02:20,35.7,26.5,,6,2.63e-8,120,63.4,5.34,6,6.29e-8,130,69.2,5.53,6
2023-06-01 18:02:25,43.2,29.1,3.54,6,2.9e-8,122,62.8,5.29,6,6.24e-8,130,68.6,5.48,6
2023-06-01 18:02:30,62.3,31.3,3.74,6,3.11e-8,122,62.6,5.15,6,6.22e-8,130,68.0,5.45,6
2023-06-01 18:02:35,69.5,32.3,3.79,6,3.21e-8,121,62.6,5.15,6,6.22e-8,130,69.7,5.62,6
2023-06-01 18:02:40,82.3,33.4,3.91,6,3.31e-8,113,60.9,5.20,6,6.05e-8,130,68.6,5.66,6
2023-06-01 18:02:45,98.3,36.6,3.93,6,3.64e-8,104,58.4,4.62,6,5.8e-8,131,68.7,5.71,6
2023-06-01 18:02:50,104,40.0,3.97,6,3.97e-8,101,57.3,4.63,6,5.69e-8,131,68.9,6.70,6
2023-06-01 18:02:55,112,42.0,3.91,6,4.17e-8,95.2,57.5,5.01,6,5.72e-8,131,68.7,6.72,6
2023-06-01 18:03:00,125,44.0,3.91,6,4.37e-8,98.6,57.1,8.97,6,5.68e-8,130,68.0,6.75,6
2023-06-01 18:03:05,129,47.4,3.92,6,4.71e-8,99.8,56.3,11.2,6,5.59e-8,129,66.5,7.54,6
2023-06-01 18:03:10,132,50.3,3.89,6,4.99e-8,105,56.5,16.6,6,5.62e-8,129,68.0,7.60,6
2023-06-01 18:03:15,130,51.3,3.82,6,5.1e-8,106,56.5,16.2,6,5.62e-8,130,66.8,7.63,6
2023-06-01 18:03:20,129,52.9,3.83,6,5.26e-8,109,56.8,15.8,6,5.65e-8,129,68.1,7.27,6
2023-06-01 18:03:25,127,56.2,3.64,6,5.58e-8,120,56.6,14.4,6,5.63e-8,128,66.3,7.28,6
2023-06-01 18:03:30,128,57.1,3.56,6,5.68e-8,131,57.3,13.8,6,5.69e-8,127,65.7,7.23,6
2023-06-01 18:03:35,128,60.6,3.56,6,6.02e-8,134,58.5,13.3,6,5.81e-8,127,66.7,5.88,6
2023-06-01 18:03:40,126,62.9,3.58,6,6.25e-8,143,57.4,11.1,6,5.7e-8,126,65.5,5.88,6
2023-06-01 18:03:45,117,63.6,3.50,6,6.32e-8,141,60.2,8.63,6,5.98e-8,126,66.2,5.83,6
2023-06-01 18:03:50,114,65.8,3.53,6,6.53e-8,141,58.6,7.31,6,5.82e-8,126,66.8,6.14,6
2023-06-01 18:03:55,108,66.6,3.59,6,6.61e-8,138,58.8,5.16,6,5.85e-8,125,66.7,6.09,6
2023-06-01 18:04:00,108,67.1,3.74,6,6.66e-8,140,59.0,4.43,6,5.86e-8,125,65.2,6.11,6
2023-06-01 18:04:05,109,68.5,3.80,6,6.8e-8,140,60.1,4.44,6,5.97e-8,124,64.9,6.54,6
2023-06-01 18:04:10,111,68.9,4.01,6,6.84e-8,141,59.7,4.44,6,5.93e-8,125,64.9,6.56,6
2023-06-01 18:04:15,112,69.5,4.34,6,6.9e-8,140,58.9,4.43,6,5.85e-8,126,65.7,6.61,6
2023-06-01 18:04:20,112,68.7,4.35,6,6.83e-8,140,63.0,4.43,6,6.25e-8,126,64.8,6.87,6
2023-06-01 18:04:25,117,66.0,4.37,6,6.55e-8,138,62.7,4.39,6,6.23e-8,127,66.2,6.85,6
2023-06-01 18:04:30,128,67.3,4.18,6,6.69e-8,137,65.2,4.49,6,6.47e-8,129,65.9,6.96,6
2023-06-01 18:04:35,132,68.9,4.12,6,6.85e-8,137,65.7,4.50,6,6.53e-8,129,65.6,6.39,6
2023-06-01 18:04:40,140,69.5,4.14,6,6.9e-8,136,67.6,4.56,6,6.72e-8,127,65.3,6.37,6
2023-06-01 18:04:45,142,69.6,3.88,6,6.92e-8,136,68.1,4.69,6,6.76e-8,126,64.6,6.36,6
2023-06-01 18:04:50,140,70.5,3.83,6,7e-8,136,68.3,4.69,6,6.79e-8,126,63.7,8.26,6
2023-06-01 18:04:55,129,69.6,3.71,6,6.91e-8,134,69.2,4.71,6,6.87e-8,126,64.5,8.73,6
2023-06-01 18:05:00,112,64.0,3.65,6,6.36e-8,134,69.0,4.99,6,6.86e-8,125,65.1,9.59,6
2023-06-01 18:05:05,107,60.7,3.62,6,6.03e-8,134,67.8,5.02,6,6.73e-8,125,64.7,9.63,6
2023-06-01 18:05:10,95.0,60.0,3.60,6,5.96e-8,134,68.3,5.22,6,6.79e-8,126,62.0,11.7,6
2023-06-01 18:05:15,76.5,58.3,3.52,6,5.79e-8,133,68.4,5.13,6,6.8e-8,128,62.5,12.3,6
2023-06-01 18:05:20,70.6,55.2,3.50,6,5.48e-8,133,69.4,5.17,6,6.89e-8,127,64.4,13.1,6
2023-06-01 18:05:25,58.1,54.8,3.31,6,5.44e-8,133,69.0,5.02,6,6.85e-8,130,64.6,13.3,6
2023-06-01 18:05:30,40.3,53.9,,6,5.35e-8,134,68.5,5.37,6,6.81e-8,130,64.9,12.8,6
2023-06-01 18:05:35,35.2,51.5,,6,5.12e-8,134,68.7,5.40,6,6.82e-8,129,64.2,10.7,6
2023-06-01 18:05:40,31.4,50.4,,6,5e-8,134,68.7,5.48,6,6.83e-8,128,63.5,9.36,6
2023-06-01 18:05:45,31.3,49.8,,6,4.94e-8,132,69.3,4.99,6,6.89e-8,130,64.4,8.72,6
2023-06-01 18:05:50,31.4,47.3,,6,4.7e-8,132,68.5,4.91,6,6.8e-8,131,62.8,10.8,6
2023-06-01 18:05:55,31.2,45.3,,6,4.5e-8,131,65.4,4.88,6,6.5e-8,130,62.7,9.92,6
2023-06-01 18:06:00,31.1,43.8,,6,4.35e-8,132,65.5,4.77,6,6.5e-8,123,62.9,9.66,6
2023-06-01 18:06:05,31.0,40.3,,6,4.01e-8,132,68.4,4.76,6,6.79e-8,116,60.4,9.73,6
2023-06-01 18:06:10,30.8,38.1,,6,3.78e-8,131,67.9,4.89,6,6.74e-8,105,58.4,9.75,6
2023-06-01 18:06:15,30.6,34.4,,6,3.42e-8,129,68.8,4.93,6,6.84e-8,95.8,57.3,9.79,6
2023-06-01 18:06:20,30.6,30.9,,6,3.07e-8,129,69.0,4.95,6,6.86e-8,89.3,54.9,9.68,6
2023-06-01 18:06:25,30.5,28.9,,6,2.87e-8,128,68.7,4.81,6,6.82e-8,85.2,54.2,10.3,6
2023-06-01 18:06:30,30.4,27.5,,6,2.73e-8,129,68.3,4.71,6,6.78e-8,86.0,52.4,12.3,6
2023-06-01 18:06:35,30.4,26.1,,6,2.6e-8,129,66.7,4.71,6,6.63e-8,89.4,55.3,10.1,6
2023-06-01 18:06:40,30.3,25.5,,6,2.54e-8,131,67.2,4.64,6,6.68e-8,93.8,55.2,12.2,6
2023-06-01 18:06:45,30.2,25.5,,6,2.54e-8,130,66.4,5.00,6,6.59e-8,98.7,55.7,11.4,6
2023-06-01 18:06:50,30.2,25.5,,6,2.53e-8,130,66.7,5.00,6,6.63e-8,108,57.1,10.8,6
2023-06-01 18:06:55,30.3,25.2,,6,2.51e-8,130,67.5,5.02,6,6.71e-8,120,59.0,9.99,6
2023-06-01 18:07:00,30.5,25.3,,6,2.52e-8,130,66.9,5.05,6,6.65e-8,132,59.0,9.52,6
2023-06-01 18:07:05,30.4,25.1,,6,2.5e-8,130,67.8,5.03,6,6.73e-8,142,59.1,9.08,6
2023-06-01 18:07:10,30.4,25.0,,6,2.48e-8,128,65.8,5.04,6,6.53e-8,150,60.9,8.20,6
2023-06-01 18:07:15,30.3,24.9,,6,2.48e-8,128,65.9,5.31,6,6.54e-8,151,61.5,7.20,6

