"Time","RPS-rl-agent-e1-a2c","CPU-rl-agent-e1-a2c","p90-rl-agent-e1-a2c","replicas-rl-agent-e1-a2c","memory-rl-agent-e1-a2c","RPS-rl-agent-e1-ppo","CPU-rl-agent-e1-ppo","p90-rl-agent-e1-ppo","replicas-rl-agent-e1-ppo","memory-rl-agent-e1-ppo","RPS-rl-agent-e3-1","CPU-rl-agent-e3-1","p90-rl-agent-e3-1","replicas-rl-agent-e3-1","memory-rl-agent-e3-1","RPS-rl-agent-e3-2","CPU-rl-agent-e3-2","p90-rl-agent-e3-2","replicas-rl-agent-e3-2","memory-rl-agent-e3-2","RPS-rl-agent-e4-1","CPU-rl-agent-e4-1","p90-rl-agent-e4-1","memory-rl-agent-e4-1"
2023-06-06 18:32:15,1.93,5.04,0.475,1,1.35,1.87,6.07,3.75,1,0.936,1.49,5.10,0.479,1,0.702,1.44,5.24,1.40,1,0.608,1.80,5.92,0.477,0.330
2023-06-06 18:32:20,2.04,4.89,0.477,1,1.35,1.51,6.00,3.67,1,0.855,1.60,5.04,0.473,1,0.622,1.44,5.29,1.05,1,0.600,2.11,5.44,0.499,0.307
2023-06-06 18:32:25,1.89,5.14,0.480,1,1.34,1.42,5.89,3.67,1,0.824,2.11,5.04,0.492,1,0.622,1.31,5.09,1.49,1,0.618,1.95,5.25,0.499,0.322
2023-06-06 18:32:30,1.89,4.93,0.478,1,1.16,1.31,6.04,3.70,1,0.908,2.38,5.15,0.487,1,0.559,1.56,5.48,1.40,1,0.822,2.22,5.64,0.496,0.384
2023-06-06 18:32:35,2.04,5.12,0.471,1,1.06,1.22,6.04,3.63,1,0.908,2.38,5.22,0.487,1,0.654,1.44,5.48,1.49,1,0.822,2.20,5.55,0.499,0.347
2023-06-06 18:32:40,1.91,4.92,0.475,1,1.07,1.33,5.99,3.83,1,1.01,1.96,5.17,0.496,1,0.604,1.44,5.39,1.87,1,0.816,1.95,5.50,0.484,0.312
2023-06-06 18:32:45,2.04,5.18,0.475,1,0.882,1.33,6.01,3.83,1,1.09,1.96,5.02,0.496,1,0.606,1.31,5.46,1.80,1,0.816,2.07,5.42,0.484,0.318
2023-06-06 18:32:50,2.04,5.14,0.474,1,1.01,0.945,5.96,3.67,1,1.09,2.11,5.25,2.10,1,0.653,1.45,5.46,2.09,1,0.816,2.45,5.42,0.484,0.318
2023-06-06 18:32:55,2.04,5.04,0.475,1,0.853,1.07,5.67,3.51,1,0.869,2.22,5.15,2.27,1,0.564,1.76,5.01,2.23,1,0.784,2.16,5.25,0.486,0.337
2023-06-06 18:33:00,2.04,4.92,0.485,1,0.846,1.07,5.67,3.61,1,0.869,2.35,5.15,3.02,1,0.564,1.67,5.53,1.40,1,0.871,2.16,5.28,0.491,0.316
2023-06-06 18:33:05,1.71,5.04,0.483,1,0.820,1.09,5.64,3.61,1,0.901,2.33,5.16,3.00,1,0.315,1.40,5.53,1.96,1,0.871,2.13,5.28,1.62,0.316
2023-06-06 18:33:10,1.71,5.04,0.481,1,0.820,0.836,5.69,3.68,1,1.09,2.38,5.22,2.98,1,0.321,1.27,5.23,1.92,1,0.793,2.13,5.31,1.66,0.320
2023-06-06 18:33:15,1.64,5.29,0.480,1,0.926,0.982,5.69,3.77,1,1.09,2.36,5.22,2.89,1,0.321,1.27,5.25,2.20,1,0.828,1.82,5.64,0.495,0.315
2023-06-06 18:33:20,1.51,5.29,0.476,1,0.926,0.982,5.29,3.65,1,0.798,1.73,5.40,3.10,1,0.567,1.40,5.44,2.20,1,0.828,1.87,5.74,0.498,0.321
2023-06-06 18:33:25,1.53,5.19,0.478,1,0.777,0.818,5.51,3.65,1,0.888,1.85,5.42,3.19,1,0.573,1.15,5.44,2.20,1,0.828,1.84,5.86,1.87,0.326
2023-06-06 18:33:30,1.25,5.19,0.496,1,0.777,0.964,5.51,3.77,1,0.888,1.73,5.41,3.10,1,0.588,1.31,5.16,2.48,1,0.583,1.55,5.97,1.92,0.321
2023-06-06 18:33:35,1.36,5.22,0.493,1,0.794,1.25,5.54,3.43,1,0.884,1.84,5.41,2.87,1,0.588,1.18,5.16,2.11,1,0.586,1.95,5.98,2.15,0.325
2023-06-06 18:33:40,1.24,5.03,0.496,1,0.794,1.13,5.33,3.47,1,1.07,1.98,5.47,2.82,1,0.499,1.35,5.16,1.71,1,0.586,1.95,5.93,2.33,0.331
2023-06-06 18:33:45,1.13,5.03,1.51,1,0.794,1.25,5.60,3.54,1,1.15,1.67,5.23,2.37,1,0.538,1.22,5.00,1.65,1,0.328,1.55,5.93,2.32,0.331
2023-06-06 18:33:50,1,4.98,1.46,1,0.781,1.42,5.60,3.55,1,1.15,1.56,5.55,2.13,1,0.598,0.909,5.36,0.496,1,0.554,1.82,5.66,2.73,0.330
2023-06-06 18:33:55,1.13,5.01,0.489,1,0.781,1.40,5.62,3.32,1,1.02,1.42,5.49,0.481,1,0.791,0.745,5.40,1.72,1,0.619,2.25,6.11,3.00,0.563
2023-06-06 18:34:00,0.564,4.93,0.485,1,0.602,1.51,5.79,3.19,1,0.859,1.45,5.27,0.480,1,0.832,0.855,5.10,1.16,1,0.618,2,5.90,2.40,0.609
2023-06-06 18:34:05,0.836,4.65,1.93,1,0.601,1.64,5.79,2.92,1,0.859,1.36,5.27,0.489,1,0.850,0.982,5.21,1.24,1,0.537,2.02,6.29,2.41,0.670
2023-06-06 18:34:10,0.945,4.75,1.53,1,0.770,1.49,5.86,3.00,1,1.11,1.38,5.37,0.496,1,0.846,1.02,5.13,1.80,1,0.351,2,5.92,2.40,0.574
2023-06-06 18:34:15,0.945,4.98,1.53,1,0.905,1.71,5.69,3.04,1,1.11,1.38,5.34,0.496,1,0.780,1.05,4.91,1.80,1,0.347,1.84,5.80,2.41,0.538
2023-06-06 18:34:20,1.05,4.98,1.60,1,0.905,1.58,5.40,3.12,1,0.925,1,5.26,0.498,1,0.863,1.05,5.17,1.69,1,0.347,1.60,5.96,2.29,0.608
2023-06-06 18:34:25,0.927,4.89,0.499,1,0.785,1.55,5.77,3.09,1,1.11,1.02,5.26,0.494,1,0.863,1.02,5.28,1.29,1,0.301,1.73,5.74,1.83,0.537
2023-06-06 18:34:30,1.07,4.76,1.13,1,0.785,1.15,5.34,3.27,1,1.11,0.909,5.14,0.500,1,0.872,1.53,5.33,2.72,1,0.332,1.35,5.85,1.71,0.537
2023-06-06 18:34:35,1.20,4.77,1.07,1,0.612,1.85,5.80,3.20,1,1.15,0.764,5.14,0.497,1,0.872,1.36,5.33,3.00,1,0.332,1.49,5.75,1.71,0.537
2023-06-06 18:34:40,1.31,4.78,0.490,1,0.530,1.73,5.89,3.06,1,1.16,0.800,5.10,1.48,1,0.960,2.18,5.28,2.06,1,0.369,1.49,5.86,2.27,0.537
2023-06-06 18:34:45,1.44,5.04,0.491,1,0.530,1.58,5.89,3.00,1,1.16,0.782,5.04,1.56,1,0.854,2.05,5.32,1.86,1,0.311,1.24,5.82,1.96,0.566
2023-06-06 18:34:50,1.31,4.83,0.498,1,0.566,1.47,5.72,3.46,1,1.12,0.800,4.87,1.00,1,0.851,2.16,5.32,1.65,1,0.311,0.927,5.82,0.496,0.566
2023-06-06 18:34:55,1.44,4.83,0.498,1,0.566,1.47,5.88,3.59,1,0.860,0.782,4.65,2.54,1,0.893,2.04,5.40,1.86,1,0.363,1.22,5.82,1.60,0.566
2023-06-06 18:35:00,1.16,4.55,0.480,1,0.566,1.35,5.88,3.70,1,0.860,0.945,4.52,2.00,1,0.849,2.04,5.58,1.89,1,0.567,1.20,5.43,1.65,0.558
2023-06-06 18:35:05,1.15,4.33,0.484,1,0.533,1.62,5.92,3.77,1,1.00,0.818,4.88,1.40,1,0.908,2,5.58,1.67,1,0.567,1.22,5.43,1.76,0.558
2023-06-06 18:35:10,1.16,4.59,0.489,1,0.588,1.67,5.96,3.80,1,1.11,1.15,4.88,1.40,1,0.908,2.11,5.58,2.29,1,0.567,1.35,5.40,1.65,0.505
2023-06-06 18:35:15,1.04,4.65,0.488,1,0.561,1.82,5.96,3.77,1,1.11,1.13,4.78,2.24,1,0.816,2.24,5.73,2.35,1,0.539,1.35,5.22,1.30,0.549
2023-06-06 18:35:20,1.44,4.65,0.484,1,0.561,1.69,5.57,3.71,1,1.10,1.36,4.67,1.98,1,0.643,2.11,5.73,2.35,1,0.539,1.24,5.07,1.65,0.588
2023-06-06 18:35:25,2.09,4.70,0.484,1,0.628,1.82,5.89,3.67,1,1.20,1.53,4.67,2.20,1,0.643,1.89,5.73,0.497,1,0.539,1.36,5.01,2.02,0.580
2023-06-06 18:35:30,10.1,4.49,3.78,1,0.575,9.20,6.57,3.98,1,1.23,8.78,4.40,4.45,1,0.645,8.95,6.23,4.16,1,0.300,2,4.97,2.00,0.579
2023-06-06 18:35:35,15.7,6.73,4.36,1,0.873,13.4,8.93,4.07,1,1.06,14.0,6.62,4.04,1,0.591,11.7,6.23,4.42,1,0.300,10.7,4.62,3.93,0.349
2023-06-06 18:35:40,21.6,8.97,3.81,1,0.874,19.6,9.26,3.91,1,1.20,21.3,7.09,3.66,1,0.343,18.1,7.68,4.07,1,0.336,16.2,7.22,4.26,0.326
2023-06-06 18:35:45,27.8,8.97,3.50,1,0.874,26.3,11.4,3.81,1,1.20,28.5,11.1,3.24,1,0.349,23.2,11.7,3.69,1,0.296,21.6,8.98,3.85,0.359
2023-06-06 18:35:50,32.9,8.44,3.20,1,0.597,33.1,14.5,3.80,1,1.08,34.1,11.1,2.98,1,0.349,29.7,13.9,3.47,1,0.334,28.4,9.42,3.48,0.372
2023-06-06 18:35:55,38.4,13.3,3.02,1,0.597,40.2,15.3,3.70,1,0.926,40.5,11.5,2.77,1,0.380,36.3,13.9,3.27,1,0.334,34.2,13.4,3.20,0.642
2023-06-06 18:36:00,44.7,15.1,2.82,1,0.630,46.7,18.5,3.68,1,1.11,46.6,16.2,2.71,1,0.632,41.5,14.2,3.13,1,0.339,39.7,13.0,2.97,0.633
2023-06-06 18:36:05,51.2,15.1,2.61,1,0.630,53.1,21.7,3.65,1,1.13,52.2,17.0,2.59,1,0.680,47.9,20.2,2.96,1,0.616,46.1,15.8,2.78,0.627
2023-06-06 18:36:10,58.1,16.4,2.42,1,0.652,58.4,24.2,3.64,1,0.886,59.7,19.6,2.43,1,0.585,56.2,21.3,2.85,1,0.666,53.4,19.6,2.67,0.640
2023-06-06 18:36:15,62.7,22.0,2.20,1,0.616,63.1,27.9,3.59,1,0.907,65.2,23.7,2.28,1,0.647,61.9,22.8,2.77,1,0.657,60.5,19.6,2.51,0.640
2023-06-06 18:36:20,69.1,22.0,2.13,1,0.616,69.8,27.9,3.58,1,0.907,70.7,23.7,2.12,1,0.647,67.9,22.5,2.76,1,0.616,65.4,21.8,2.37,0.638
2023-06-06 18:36:25,67.0,25.1,1.76,1,0.720,66.9,31.0,3.55,1,0.920,68.3,23.7,0.493,1,0.647,66.7,27.6,2.55,1,0.628,70.0,24.6,2.20,0.357
2023-06-06 18:36:30,67.2,27.6,0.488,1,0.652,70.4,32.3,3.47,1,0.946,70.9,27.9,1.20,1,0.937,69.2,31.6,1.74,1,0.713,65.6,25.6,1.95,0.367
2023-06-06 18:36:35,67.2,27.6,0.488,1,0.652,71.2,33.0,3.45,1,0.910,69.9,28.9,1.05,1,0.948,70.3,31.6,1.76,1,0.713,66.3,26.0,0.490,0.383
2023-06-06 18:36:40,66.8,30.0,0.486,1,0.446,71.8,39.5,3.45,1,1.18,69.2,28.9,1.12,1,0.948,72.5,33.7,1.83,1,0.623,65.3,29.0,0.490,0.578
2023-06-06 18:36:45,68.0,30.0,0.485,1,0.443,72.1,39.5,3.42,1,1.18,70.7,32.5,1.12,1,0.962,72.0,38.3,1.91,1,0.429,66.5,32.6,0.491,0.656
2023-06-06 18:36:50,69.6,35.2,0.484,1,0.731,72.1,40.9,3.48,1,1.16,70.1,36.1,1.14,1,0.967,71.9,40.0,1.94,1,0.410,67.9,32.6,0.492,0.656
2023-06-06 18:36:55,68.5,36.0,0.481,1,0.744,73.2,44.8,3.42,1,0.979,70.1,36.1,1.03,1,0.967,71.6,40.0,1.86,1,0.410,68.7,33.9,0.493,0.644
2023-06-06 18:37:00,68.3,37.9,0.481,1,0.731,72.7,48.6,3.43,1,0.891,70.0,36.2,1.03,1,0.914,71.4,45.2,1.94,1,0.444,66.8,39.4,0.492,0.590
2023-06-06 18:37:05,68.1,40.7,0.480,1,0.716,73.6,51.4,3.41,1,0.696,69.1,41.9,1.01,1,0.946,69.2,45.2,1.87,1,0.444,66.5,39.6,0.490,0.627
2023-06-06 18:37:10,69.2,40.8,0.480,1,0.692,74.7,52.2,3.46,1,0.858,68.7,41.9,1.09,1,0.946,71.2,45.6,1.72,1,0.389,66.7,42.2,0.490,0.698
2023-06-06 18:37:15,66.9,45.2,0.479,1,0.510,72.9,53.7,3.45,1,0.852,69.2,44.7,1.10,1,1.03,71.4,50.2,1.51,1,0.448,68.9,42.9,0.488,0.610
2023-06-06 18:37:20,68.2,45.3,0.480,1,0.450,72.7,56.3,3.46,1,0.995,71,46.2,1.20,1,1.05,71.4,50.2,1.58,1,0.448,68.2,44.6,0.488,0.617
2023-06-06 18:37:25,68.4,45.3,0.480,1,0.450,71.7,55.6,3.42,1,0.877,68.7,46.2,0.492,1,1.05,72.2,50.5,1.60,1,0.648,70.5,46.1,0.489,0.710
2023-06-06 18:37:30,69.8,45.4,0.481,1,0.443,69.5,55.8,3.46,1,0.916,68.9,44.0,0.493,1,0.990,69.8,51.1,1.64,1,0.694,71.9,46.4,0.489,0.842
2023-06-06 18:37:35,70.6,45.7,0.482,1,0.497,70.2,55.8,3.43,1,1.02,68.1,46.0,0.491,1,1.23,67.6,51.1,1.62,1,0.694,74.1,46.5,0.490,0.873
2023-06-06 18:37:40,71.6,46.6,0.483,1,0.680,69.0,55.6,3.40,1,1.18,66.9,46.0,0.489,1,1.23,68.4,51.1,1.45,1,0.705,72.3,46.4,0.489,0.701
2023-06-06 18:37:45,71.2,46.6,0.482,1,0.680,69.7,55.6,3.39,1,1.14,66.9,45.6,0.488,1,1.05,66.8,50.4,1.41,1,0.443,71.7,46.4,0.487,0.719
2023-06-06 18:37:50,72.7,46.6,0.484,1,0.680,68.8,55.7,3.44,1,0.875,67.9,45.4,0.489,1,0.935,68.8,50.5,1.59,1,0.419,72.3,45.1,0.486,0.614
2023-06-06 18:37:55,72.5,44.8,0.483,1,0.790,67.8,55.7,3.45,1,0.875,70.1,45.4,0.488,1,0.935,69.2,50.5,1.64,1,0.419,75.0,46.6,0.485,0.667
2023-06-06 18:38:00,71.3,46.9,0.483,1,0.709,68.0,56.2,3.45,1,0.985,68.3,45.8,0.490,1,0.943,69.6,50.6,1.70,1,0.372,72.3,46.6,0.484,0.667
2023-06-06 18:38:05,71.4,46.9,0.484,1,0.709,68.1,56.5,3.41,1,1.000,69.5,45.8,0.490,1,0.943,68.5,50.3,1.77,1,0.429,73.2,46.6,0.485,0.682
2023-06-06 18:38:10,72.3,46.9,0.484,1,0.690,71.4,56.9,3.49,1,1.19,70.8,46.8,0.490,1,0.778,68.6,50.3,1.87,1,0.429,71.8,47.0,0.486,0.656
2023-06-06 18:38:15,72.3,46.9,0.483,1,0.780,74.1,56.9,3.52,1,1.16,71.8,47.1,0.490,1,0.732,69.4,50.9,1.89,1,0.355,75.3,47.0,0.490,0.656
2023-06-06 18:38:20,74.2,46.5,0.483,1,0.647,73.1,57.4,3.58,1,1.14,72.1,47.4,0.491,1,0.879,69.0,50.9,1.97,1,0.355,76.6,47.8,0.489,0.674
2023-06-06 18:38:25,72.7,46.7,0.483,1,0.621,74.6,57.3,3.59,1,0.918,72.2,47.4,0.493,1,0.879,69.7,50.7,2.01,1,0.402,74.1,48.8,0.490,0.432
2023-06-06 18:38:30,73.1,47.4,0.483,1,0.372,72.8,57.0,3.60,1,0.933,71.7,46.8,0.497,1,0.716,70.5,50.3,2.09,1,0.352,74.1,48.8,0.490,0.432
2023-06-06 18:38:35,71.7,47.6,0.482,1,0.362,73.8,57.0,3.62,1,0.922,72.2,46.8,0.498,1,0.716,69.3,50.3,2.18,1,0.352,74.6,48.9,0.492,0.402
2023-06-06 18:38:40,70.5,47.6,0.483,1,0.332,71.8,53.4,3.62,1,1.14,71.1,46.7,0.498,1,0.632,71.7,50.4,2.29,1,0.379,73.2,48.5,0.492,0.488
2023-06-06 18:38:45,71.3,47.3,0.481,1,0.300,71.7,56.5,3.64,1,1.28,70.9,46.2,0.498,1,0.719,70.2,50.2,2.27,1,0.381,71.5,48.5,0.493,0.488
2023-06-06 18:38:50,70.7,45.8,0.481,1,0.333,73.9,56.4,3.66,1,1.29,71.3,46.1,0.497,1,0.694,68.7,47.6,2.27,1,0.407,71.9,48.5,0.494,0.488
2023-06-06 18:38:55,72.8,47.9,0.481,1,0.379,73.7,56.9,3.66,1,1.14,70.7,43.8,0.496,1,0.642,69.9,50.2,2.41,1,0.434,74.7,48.6,0.496,0.397
2023-06-06 18:39:00,71.4,48.0,0.481,1,0.601,75.5,57.7,3.68,1,0.993,70.6,46.5,0.496,1,0.874,68.6,50.0,2.44,1,0.410,71.4,48.5,0.497,0.436
2023-06-06 18:39:05,73.2,48.1,0.480,1,0.694,72.1,57.7,3.61,1,0.993,68.8,47.3,1.05,1,0.932,69.4,50.5,2.41,1,0.351,71.5,47.5,0.498,0.433
2023-06-06 18:39:10,72.6,48.2,0.481,1,0.708,74.3,57.0,3.63,1,1.23,67.5,47.3,1.20,1,0.932,68.9,50.2,2.41,1,0.103,70.2,47.5,0.495,0.433
2023-06-06 18:39:15,71.4,48.0,0.482,1,0.623,76.4,59.9,3.62,1,1.24,68.6,47.5,1.15,1,0.946,68.6,50.5,2.33,1,0.115,67.5,47.4,0.496,0.180
2023-06-06 18:39:20,73.3,45.6,0.483,1,0.411,77.0,59.9,3.64,1,1.24,68.6,47.5,1.28,1,0.946,69.8,50.4,2.26,1,0.136,69.9,47.4,0.497,0.161
2023-06-06 18:39:25,72.6,48.1,0.485,1,0.439,79.5,61.6,3.66,1,0.926,70.0,47.7,1.32,1,0.938,70.8,48.4,2.12,1,0.134,69.7,48.3,0.498,0.137
2023-06-06 18:39:30,74.8,48.7,0.486,1,0.400,80.1,61.7,3.71,1,0.944,71.4,47.9,1.38,1,0.947,69.5,50.9,2.11,1,0.378,70.2,45.8,0.498,0.134
2023-06-06 18:39:35,75.4,48.8,0.486,1,0.382,81.5,61.7,3.72,1,0.944,72.4,49.0,1.44,1,0.910,68.7,50.6,2.03,1,0.367,72.5,48.2,1.01,0.184
2023-06-06 18:39:40,76.6,46.9,0.486,1,0.408,81.2,61.6,3.75,1,1.07,70.9,49.1,1.51,1,0.899,69.2,50.6,2.00,1,0.367,74.0,48.7,0.498,0.182
2023-06-06 18:39:45,76.9,48.8,0.486,1,0.375,80.9,62.4,3.76,1,1.16,68.7,48.8,1.56,1,0.911,70.5,50.4,1.95,1,0.419,73.2,48.7,0.497,0.182
2023-06-06 18:39:50,76.0,48.8,0.486,1,0.375,80.5,59.3,3.78,1,0.981,71.7,48.6,1.59,1,1.02,70.6,49.2,1.96,1,0.356,71.7,46.8,0.497,0.156
2023-06-06 18:39:55,79.8,48.9,0.487,1,0.400,78.9,62.9,3.79,1,1.07,71.3,48.3,1.61,1,0.864,71.2,51.2,1.94,1,0.386,71.5,48.9,0.496,0.183
2023-06-06 18:40:00,79.9,46.0,0.487,1,0.408,80.6,56.8,3.80,1,0.978,71.7,48.2,1.61,1,0.731,69.2,50.2,1.97,1,0.407,73.8,48.9,0.498,0.183
2023-06-06 18:40:05,78.0,49.8,0.485,1,0.425,76.9,61.8,3.78,1,0.922,71.6,47.8,1.62,1,0.678,69.3,50.0,1.77,1,0.432,73.9,49.1,1.04,0.164
2023-06-06 18:40:10,79.1,49.8,0.484,1,0.425,75.4,62.0,3.83,1,1.05,70.4,47.8,1.71,1,0.678,70.2,50.0,1.72,1,0.432,76.0,48.9,1.09,0.141
2023-06-06 18:40:15,76.9,49.2,0.482,1,0.367,75.3,61.9,3.85,1,1.06,72.0,47.0,1.58,1,0.671,69.8,50.6,1.59,1,0.454,75.7,49.5,1.04,0.382
2023-06-06 18:40:20,77.1,49.1,0.481,1,0.414,72.1,62.1,3.84,1,0.960,72.0,48.5,1.49,1,0.767,69.6,50.6,1.71,1,0.454,73.0,49.5,0.500,0.382
2023-06-06 18:40:25,72.7,49.1,0.480,1,0.414,68.8,62.5,3.81,1,0.770,68.9,48.5,1.48,1,0.767,71.6,50.5,1.66,1,0.430,72.7,49.7,1.04,0.385
2023-06-06 18:40:30,82.3,46.7,0.489,1,0.454,76.0,61.7,3.81,1,0.746,77.7,48.6,3.35,1,0.772,81.2,51.0,2.07,1,0.448,71.7,49.6,0.499,0.336
2023-06-06 18:40:35,83.5,47.7,3.35,1,0.406,75.8,61.3,4.29,1,0.636,82.3,48.9,3.28,1,0.690,83.2,51.5,3.53,1,0.432,82.2,49.9,2.19,0.381
2023-06-06 18:40:40,92.0,49.2,3.23,1,0.416,82.2,61.4,4.29,1,0.702,91.3,49.8,3.18,1,0.513,90.6,49.1,3.43,1,0.409,84.5,49.8,3.47,0.392
2023-06-06 18:40:45,100,53.4,3.04,1,0.166,89.2,62.9,4.26,1,0.740,97.3,51.5,3.10,1,0.448,94.1,55.1,3.35,1,0.449,92.5,53.7,3.39,0.387
2023-06-06 18:40:50,103,53.4,2.94,1,0.166,96.7,67.1,4.24,1,0.895,104,51.6,3.02,1,0.448,103,57.1,3.21,1,0.471,99.1,53.7,3.28,0.387
2023-06-06 18:40:55,110,53.7,2.90,1,0.187,103,69.3,4.22,1,0.748,109,55.3,2.93,1,0.468,108,57.1,3.11,1,0.471,104,55.6,3.20,0.396
2023-06-06 18:41:00,116,57.2,2.76,1,0.187,110,69.3,4.18,1,0.748,115,58.7,2.90,1,0.470,117,59.9,3.13,1,0.431,109,57.0,3.09,0.386
2023-06-06 18:41:05,119,59.4,2.72,1,0.135,115,71.8,4.11,1,0.919,119,58.7,2.83,1,0.470,122,63.0,3.07,1,0.482,114,55.8,3.04,0.376
2023-06-06 18:41:10,128,61.0,2.68,1,0.135,122,72.1,4.09,1,1.03,122,57.0,2.78,1,0.457,127,63.0,3.06,1,0.482,121,61.0,2.97,0.412
2023-06-06 18:41:15,133,61.8,2.62,1,0.134,127,74.2,4.07,1,1.02,130,60.3,2.76,1,0.697,133,66.0,3.03,1,0.475,128,64.1,2.94,0.638
2023-06-06 18:41:20,143,62.5,2.59,1,0.156,135,74.2,4.04,1,1.02,139,63.6,2.67,1,0.746,140,68.2,2.97,1,0.251,134,64.1,2.86,0.638
2023-06-06 18:41:25,140,61.4,2.30,1,0.131,134,78.5,4.00,1,0.727,139,64.2,1.08,1,0.768,136,70.2,2.80,1,0.229,141,66.5,2.82,0.670
2023-06-06 18:41:30,142,67.3,0.491,1,0.132,138,79.8,3.62,1,0.705,141,64.6,1.21,1,0.687,142,68.1,1.56,1,0.229,136,68.1,2.31,0.592
2023-06-06 18:41:35,140,68.3,0.492,1,0.106,138,79.8,3.57,1,0.705,138,67.5,1.18,1,0.763,140,71.7,1.52,1,0.230,139,69.4,0.500,0.599
2023-06-06 18:41:40,139,70.9,0.492,1,0.348,137,82.5,3.52,1,0.658,137,71.4,1.25,1,0.827,142,76.2,1.59,1,0.519,138,73.5,0.499,0.656
2023-06-06 18:41:45,142,72.5,0.491,1,0.379,136,86.4,3.50,1,0.777,137,72.9,1.26,1,1.01,139,76.2,1.64,1,0.519,138,73.5,0.499,0.656
2023-06-06 18:41:50,140,72.5,0.490,1,0.379,137,86.4,3.50,1,0.777,138,74.2,1.32,1,0.997,140,79.0,1.71,1,0.562,140,74.4,0.499,0.667
2023-06-06 18:41:55,142,74.4,0.489,1,0.419,136,87.9,3.46,1,0.938,140,76.5,1.26,1,1.10,138,81.0,1.63,1,0.751,139,77.8,0.499,0.440
2023-06-06 18:42:00,146,79.0,0.488,1,0.694,138,90.4,3.43,1,0.901,144,78.3,1.41,1,1.00,139,83.9,1.72,1,0.793,140,77.8,0.498,0.440
2023-06-06 18:42:05,145,80.9,0.488,1,0.693,136,93.1,3.38,1,1.02,146,80.9,1.53,1,1.06,139,85.0,1.66,1,0.814,139,79.2,0.500,0.456
2023-06-06 18:42:10,145,80.9,0.487,1,0.693,137,93.4,3.39,1,0.928,145,80.9,1.49,1,1.06,141,85.6,1.72,1,0.749,140,75.9,1.04,0.406
2023-06-06 18:42:15,144,78.9,0.484,1,0.669,138,96.6,3.38,1,0.954,144,87.2,1.59,1,1.11,139,86.8,1.76,1,0.821,142,86.2,1.09,0.441
2023-06-06 18:42:20,144,86.6,0.483,1,0.654,135,101,3.43,1,1.09,143,87.7,1.69,1,1.07,140,90.0,1.74,1,0.798,141,86.2,1.19,0.429
2023-06-06 18:42:25,144,86.6,0.482,1,0.654,140,101,3.41,1,0.954,143,87.9,1.53,1,1.24,140,86.0,1.79,1,0.852,140,86.2,1.27,0.403
2023-06-06 18:42:30,144,86.7,0.481,1,0.661,137,101,3.46,1,0.930,143,88.6,1.62,1,1.22,140,91.2,1.85,1,0.911,142,87.9,1.28,0.409
2023-06-06 18:42:35,144,82.5,0.480,1,0.667,138,100,3.48,1,0.772,146,88.6,1.53,1,1.37,138,87.2,1.79,1,0.860,142,85.3,1.29,0.402
2023-06-06 18:42:40,142,85.5,0.481,1,0.609,138,100,3.47,1,0.912,146,83.5,1.51,1,1.21,140,88.4,1.80,1,0.793,140,82.8,1.32,0.364
2023-06-06 18:42:45,142,82.0,0.481,1,0.699,138,99.9,3.53,1,0.882,149,89.4,1.42,1,0.967,140,91.2,1.77,1,0.896,139,87.3,1.45,0.682
2023-06-06 18:42:50,145,85.8,0.482,1,0.642,138,99.8,3.62,1,0.709,147,89.4,1.47,1,0.967,140,91.4,1.71,1,1.11,138,87.3,1.50,0.682
2023-06-06 18:42:55,142,86.2,0.481,1,0.630,141,96.2,3.64,1,0.718,146,86.4,1.36,1,0.909,143,91.4,1.63,1,1.11,139,84.7,1.51,0.676
2023-06-06 18:43:00,143,86.1,0.479,1,0.692,143,102,3.66,1,0.653,143,90.4,1.30,1,0.766,142,88.3,1.62,1,1.19,138,86.8,1.29,0.634
2023-06-06 18:43:05,144,82.7,0.478,1,0.647,144,102,3.68,1,0.741,143,90.3,1.30,1,0.716,138,91.1,1.51,1,1.00,137,86.6,1.24,0.416
2023-06-06 18:43:10,143,85.9,0.478,1,0.748,146,103,3.70,1,0.763,146,90.3,1.32,1,0.716,140,91.1,1.56,1,1.00,137,86.6,1.29,0.416
2023-06-06 18:43:15,145,85.9,0.479,1,0.748,148,104,3.74,1,0.708,146,90.5,1.25,1,0.676,141,91.2,1.55,1,1.10,138,84.2,1.42,0.709
2023-06-06 18:43:20,145,82.5,0.478,1,0.672,146,104,3.77,1,0.708,147,90.5,1.33,1,0.676,141,91.9,1.50,1,0.992,139,86.9,1.30,0.736
2023-06-06 18:43:25,147,86.0,0.479,1,0.680,148,105,3.75,1,0.801,147,90.4,1.18,1,0.703,140,91.6,1.47,1,0.807,137,86.8,1.31,0.711
2023-06-06 18:43:30,147,85.7,0.480,1,0.407,148,105,3.77,1,0.784,146,87.1,1.29,1,0.464,144,91.6,1.58,1,0.807,139,87.7,1.31,0.712
2023-06-06 18:43:35,147,85.7,0.481,1,0.407,149,105,3.78,1,0.677,146,91.4,1.24,1,0.665,143,89.1,1.80,1,0.951,142,87.7,1.29,0.712
2023-06-06 18:43:40,146,80.3,0.483,1,0.140,145,105,3.75,1,0.475,144,91.6,1.33,1,0.688,142,92.9,1.85,1,0.776,141,87.4,1.11,0.978
2023-06-06 18:43:45,144,84.8,0.484,1,0.141,146,105,3.75,1,0.467,144,91.8,1.37,1,0.740,142,92.9,1.97,1,0.776,142,87.4,1.15,0.978
2023-06-06 18:43:50,143,84.8,0.485,1,0.139,143,101,3.80,1,0.449,143,90.9,1.39,1,0.666,140,92.9,2.12,1,0.793,141,87.1,1.11,0.956
2023-06-06 18:43:55,142,84.7,0.485,1,0.138,145,106,3.79,1,0.476,142,90.9,1.28,1,0.666,140,92.7,2.18,1,0.784,143,82.3,1.20,0.959
2023-06-06 18:44:00,143,84.6,0.487,1,0.133,142,106,3.75,1,0.675,145,86.0,1.38,1,0.732,142,92.8,2.22,1,0.765,146,87.0,1.18,1.01
2023-06-06 18:44:05,143,84.8,0.489,1,0.134,140,106,3.73,1,0.675,141,89.7,1.28,1,0.685,142,92.5,2.12,1,0.954,145,87.0,1.19,1.01
2023-06-06 18:44:10,143,85.0,0.488,1,0.402,139,106,3.69,1,0.789,141,89.7,1.43,1,0.711,141,93.0,2.12,1,1.04,147,88.0,1.00,0.916
2023-06-06 18:44:15,143,85.1,0.488,1,0.388,139,101,3.65,1,0.739,135,89.2,1.40,1,0.705,143,92.7,2.18,1,1.02,147,88.3,1.19,1.02
2023-06-06 18:44:20,141,86.0,0.490,1,0.410,139,106,3.68,1,0.970,136,86.2,1.52,1,0.722,142,92.7,2.26,1,1.18,146,85.3,1.09,1.03
2023-06-06 18:44:25,139,86.0,0.490,1,0.410,141,108,3.62,1,0.846,136,84.6,1.42,1,0.775,140,90.0,2.19,1,1.24,144,84.2,1.14,0.752
2023-06-06 18:44:30,140,86.6,0.490,1,0.394,140,108,3.61,1,0.846,137,82.9,1.50,1,0.755,140,93.4,2.08,1,1.23,144,88.4,1.16,0.781
2023-06-06 18:44:35,139,86.6,0.491,1,0.394,140,107,3.57,1,1.03,138,88.1,1.33,1,0.711,141,93.4,2.04,1,1.23,145,88.4,1.28,0.781
2023-06-06 18:44:40,141,86.0,0.491,1,0.414,140,96.5,3.51,1,1.08,140,88.5,1.42,1,0.719,144,93.6,2.02,1,1.04,146,85.9,1.15,0.684
2023-06-06 18:44:45,142,86.0,0.491,1,0.435,140,105,3.48,1,1.06,143,88.6,1.38,1,0.785,145,94.5,1.90,1,0.936,147,89.4,1.18,0.787
2023-06-06 18:44:50,141,86.0,0.493,1,0.481,139,105,3.50,1,1.06,146,89.3,1.40,1,0.972,147,94.7,1.81,1,1.07,147,89.4,1.16,0.787
2023-06-06 18:44:55,142,86.1,0.493,1,0.440,141,105,3.49,1,0.966,145,85.6,1.27,1,1.06,148,94.7,1.66,1,1.07,144,89.3,1.05,0.802
2023-06-06 18:45:00,142,85.7,0.492,1,0.392,141,103,3.51,1,1.07,144,89.4,1.35,1,1.06,147,91.3,1.76,1,1.05,143,86.7,0.500,0.468
2023-06-06 18:45:05,140,82.6,0.493,1,0.436,144,103,3.50,1,1.07,142,89.0,1.21,1,1.03,149,95.4,1.76,1,0.999,142,89.4,1.18,0.482
2023-06-06 18:45:10,139,82.8,0.496,1,0.437,142,104,3.57,1,1.20,148,89.0,1.20,1,1.03,148,95.4,1.84,1,0.999,142,86.5,1.08,0.467
2023-06-06 18:45:15,139,85.7,0.497,1,0.626,141,99.5,3.55,1,1.29,146,80.3,1.14,1,0.773,153,95.4,1.83,1,0.999,147,89.8,1.13,0.763
2023-06-06 18:45:20,141,85.8,0.497,1,0.697,139,104,3.59,1,1.37,142,83.8,1.29,1,0.769,153,96.7,1.83,1,0.714,147,89.6,1.17,0.738
2023-06-06 18:45:25,137,85.7,0.496,1,0.670,140,98.2,3.57,1,1.28,143,87.3,1.27,1,0.695,151,96.7,1.77,1,0.714,148,89.9,1.22,0.939
2023-06-06 18:45:30,142,79.0,1.22,1,0.646,134,103,3.59,1,1.19,132,87.3,1.94,1,0.695,150,95.9,2.22,1,0.664,148,87.5,1.15,0.760
2023-06-06 18:45:35,144,83.6,3.61,1,0.703,150,95.3,3.71,1,1.30,147,87.2,4.04,1,0.792,160,95.3,4.10,1,0.770,158,90.3,1.72,0.774
2023-06-06 18:45:40,152,84.3,3.64,1,0.658,156,102,4.13,1,1.30,149,84.6,4.05,1,0.696,166,95.6,4.12,1,0.750,157,90.2,3.96,0.765
2023-06-06 18:45:45,157,81.6,3.64,1,0.651,164,106,4.15,1,1.28,153,88.3,4.00,1,0.693,170,98.6,4.07,1,0.928,164,90.2,3.96,0.765
2023-06-06 18:45:50,163,81.3,3.51,1,0.392,172,106,4.17,1,1.28,156,87.7,3.98,1,0.752,175,100,4.06,1,0.910,169,92.8,3.94,0.748
2023-06-06 18:45:55,168,88.9,3.49,1,0.390,176,111,4.17,1,1.43,163,87.7,3.87,1,0.752,183,102,4.01,1,0.692,177,92.3,3.90,0.823
2023-06-06 18:46:00,175,88.9,3.40,1,0.390,180,112,4.14,1,1.36,171,90.8,3.86,1,0.632,185,103,4.00,1,0.616,180,92.3,3.78,0.805
2023-06-06 18:46:05,184,91.1,3.40,1,0.430,188,112,4.12,1,1.36,177,93.1,3.82,1,0.398,193,99.8,3.90,1,0.416,187,95.8,3.81,0.697
2023-06-06 18:46:10,189,89.7,3.33,1,0.693,195,103,4.09,1,1.23,184,95.4,3.77,1,0.393,196,106,3.86,1,0.467,191,97.1,3.74,0.767
2023-06-06 18:46:15,198,96.6,3.34,1,0.752,205,117,4.09,1,1.43,191,96.8,3.71,1,0.440,203,109,3.80,1,0.698,199,97.6,3.74,0.786
2023-06-06 18:46:20,204,96.6,3.30,1,0.752,209,119,4.09,1,1.32,195,98.2,3.67,1,0.458,212,110,3.73,1,0.725,202,101,3.82,0.718
2023-06-06 18:46:25,210,98.5,3.02,1,0.665,223,121,4.09,1,1.20,212,98.2,3.31,1,0.434,220,105,3.43,1,0.784,206,102,3.81,0.811
2023-06-06 18:46:30,212,101,1.45,1,0.682,214,121,4.00,1,1.20,203,100,1.61,1,0.394,217,114,1.79,1,0.729,199,103,3.62,0.773
2023-06-06 18:46:35,211,103,1.48,1,0.624,213,124,3.68,1,1.33,208,102,1.55,1,0.140,215,115,1.61,1,0.743,204,103,2.13,0.695
2023-06-06 18:46:40,215,106,1.50,1,0.707,211,125,3.65,1,1.14,210,104,1.66,1,0.112,215,116,1.66,1,0.690,201,99.5,2.12,0.714
2023-06-06 18:46:45,213,109,1.57,1,0.655,210,128,3.64,1,1.25,210,104,1.64,1,0.112,216,113,1.62,1,0.768,201,106,2.17,0.754
2023-06-06 18:46:50,213,109,1.61,1,0.655,208,129,3.66,1,1.27,208,108,1.69,1,0.148,212,119,1.50,1,0.737,198,101,2.15,0.705
2023-06-06 18:46:55,215,108,1.64,1,0.640,212,132,3.70,1,1.11,210,103,1.64,1,0.146,215,119,1.51,1,0.737,198,108,2.29,0.925
2023-06-06 18:47:00,212,114,1.42,1,0.454,212,135,3.74,1,0.927,212,108,1.68,1,0.158,212,119,1.48,1,0.737,195,109,2.17,0.749
2023-06-06 18:47:05,214,115,1.35,1,0.438,210,135,3.76,1,0.927,213,115,1.69,1,0.152,215,123,1.39,1,0.770,192,110,2.26,0.700
2023-06-06 18:47:10,210,115,1.37,1,0.401,211,142,3.77,1,1.13,214,115,1.81,1,0.418,216,123,1.32,1,0.737,194,110,2.29,0.684
2023-06-06 18:47:15,213,121,1.25,1,0.452,214,143,3.76,1,1.25,216,116,1.81,1,0.443,213,123,1.32,1,0.737,199,114,1.91,0.438
2023-06-06 18:47:20,210,117,1.19,1,0.441,212,140,3.79,1,1.29,216,120,1.96,1,0.399,212,129,1.54,1,0.994,202,115,1.99,0.654
2023-06-06 18:47:25,209,115,1.01,1,0.445,209,146,3.83,1,1.31,216,123,1.96,1,0.441,208,128,1.54,1,0.976,201,117,2.10,0.706
2023-06-06 18:47:30,210,119,0.498,1,0.461,209,146,3.83,1,1.19,213,124,2.14,1,0.424,210,128,1.63,1,0.717,201,114,2.08,0.674
2023-06-06 18:47:35,208,123,0.497,1,0.477,213,146,3.84,1,1.02,212,124,2.03,1,0.410,210,128,1.56,1,0.739,207,118,2.08,0.601
2023-06-06 18:47:40,207,124,0.496,1,0.484,215,146,3.84,1,1.01,216,117,2.14,1,0.433,211,123,1.62,1,0.726,210,115,2.02,0.642
2023-06-06 18:47:45,208,123,0.495,1,0.443,216,146,3.85,1,0.737,214,121,2.14,1,0.494,213,124,1.63,1,0.692,213,119,2.06,0.634
2023-06-06 18:47:50,208,123,0.495,1,0.420,215,146,3.86,1,0.748,214,124,2.14,1,0.455,212,129,1.70,1,0.704,214,120,2.04,0.649
2023-06-06 18:47:55,207,122,0.498,1,0.129,215,142,3.82,1,0.742,211,124,2.08,1,0.455,215,124,1.75,1,0.663,219,120,2.13,0.649
2023-06-06 18:48:00,206,121,0.497,1,0.400,219,146,3.80,1,0.756,210,120,2.14,1,0.469,211,129,1.90,1,0.431,220,120,2.00,0.637
2023-06-06 18:48:05,209,121,0.495,1,0.371,215,146,3.77,1,0.736,215,125,2.15,1,0.402,211,129,1.91,1,0.400,218,120,2.05,0.705
2023-06-06 18:48:10,209,121,0.495,1,0.443,213,146,3.81,1,0.736,216,120,2.19,1,0.421,214,129,2.02,1,0.400,213,120,2.09,0.867
2023-06-06 18:48:15,209,121,0.494,1,0.414,212,146,3.78,1,0.718,212,126,2.10,1,0.469,218,120,2.01,1,0.413,216,117,2.02,0.864
2023-06-06 18:48:20,210,121,0.494,1,0.414,216,141,3.75,1,0.701,213,126,2.08,1,0.454,217,130,2.03,1,0.662,217,122,1.95,1.04
2023-06-06 18:48:25,207,121,0.494,1,0.432,216,148,3.77,1,1.05,218,126,1.97,1,0.454,218,130,2.14,1,0.662,219,122,1.96,0.909
2023-06-06 18:48:30,210,114,0.492,1,0.415,210,148,3.75,1,1.05,216,125,2.04,1,0.481,219,130,2.19,1,0.664,216,122,1.92,0.953
2023-06-06 18:48:35,211,119,0.494,1,0.413,212,147,3.71,1,1.01,213,125,1.98,1,0.400,216,131,2.28,1,0.677,213,116,1.93,0.679
2023-06-06 18:48:40,211,119,0.496,1,0.386,212,139,3.65,1,0.979,218,119,2.05,1,0.426,218,132,2.35,1,0.932,213,123,1.88,0.724
2023-06-06 18:48:45,208,119,0.495,1,0.419,213,147,3.65,1,1.08,220,126,2.10,1,0.453,217,132,2.35,1,0.932,214,124,1.80,0.906
2023-06-06 18:48:50,214,119,0.493,1,0.390,213,147,3.69,1,1.10,219,126,2.14,1,0.446,216,132,2.39,1,1.01,213,124,1.70,0.906
2023-06-06 18:48:55,214,119,0.495,1,0.440,212,139,3.74,1,1.03,221,126,2.03,1,0.446,215,132,2.41,1,1.01,213,121,1.92,0.977
2023-06-06 18:49:00,212,119,0.495,1,0.440,216,147,3.76,1,1.06,217,126,2.07,1,0.192,216,132,2.56,1,1.01,211,119,1.81,0.913
2023-06-06 18:49:05,213,119,0.497,1,0.632,219,147,3.76,1,1.06,217,126,2.11,1,0.184,216,126,2.55,1,0.736,212,123,1.83,0.660
2023-06-06 18:49:10,216,119,0.499,1,0.713,222,149,3.81,1,0.936,220,126,2.26,1,0.186,214,135,2.57,1,0.677,213,124,1.85,0.706
2023-06-06 18:49:15,215,120,0.500,1,0.650,220,150,3.80,1,1.06,220,126,2.25,1,0.466,217,135,2.49,1,0.677,218,124,1.90,0.706
2023-06-06 18:49:20,216,120,0.500,1,0.650,222,150,3.78,1,1.08,218,126,2.37,1,0.492,218,136,2.50,1,0.770,216,124,1.87,0.728
2023-06-06 18:49:25,218,120,1.04,1,0.651,225,143,3.77,1,0.989,218,126,2.35,1,0.503,213,137,2.54,1,0.999,217,116,1.99,0.729
2023-06-06 18:49:30,217,120,0.498,1,0.671,221,149,3.77,1,0.932,218,126,2.34,1,0.458,220,137,2.65,1,1.09,218,124,1.98,0.667
2023-06-06 18:49:35,216,120,1.03,1,0.671,219,149,3.80,1,0.991,219,127,2.25,1,0.508,216,137,2.66,1,1.09,218,124,2.10,0.746
2023-06-06 18:49:40,219,121,1.03,1,0.716,219,145,3.77,1,0.981,218,127,2.26,1,0.489,221,138,2.84,1,0.923,218,124,2.07,0.746
2023-06-06 18:49:45,218,122,1.06,1,0.435,217,147,3.73,1,0.991,219,127,2.20,1,0.526,217,139,2.82,1,1.02,217,118,2.09,0.737
2023-06-06 18:49:50,219,122,0.499,1,0.435,217,148,3.70,1,1.01,218,126,2.27,1,0.569,220,138,2.81,1,1.01,215,117,1.88,0.460
2023-06-06 18:49:55,221,123,0.500,1,0.394,217,148,3.71,1,1.15,216,115,2.19,1,0.517,218,138,2.71,1,1.01,220,123,1.95,0.486
2023-06-06 18:50:00,220,122,0.497,1,0.666,217,140,3.66,1,1.04,218,126,2.25,1,0.480,217,132,2.68,1,1.03,218,124,1.88,0.460
2023-06-06 18:50:05,215,122,0.496,1,0.666,216,144,3.58,1,0.929,215,126,2.16,1,0.491,220,137,2.66,1,1.04,213,124,1.97,0.460
2023-06-06 18:50:10,220,123,0.500,1,0.615,215,149,3.62,1,0.940,218,126,2.19,1,0.491,221,137,2.88,1,1.04,211,124,1.93,0.488
2023-06-06 18:50:15,219,124,1.01,1,0.709,212,149,3.63,1,0.670,216,126,1.98,1,0.732,217,130,2.89,1,0.977,215,124,1.93,0.488
2023-06-06 18:50:20,219,124,1.02,1,0.709,213,149,3.69,1,0.670,217,127,2.03,1,0.775,224,136,2.93,1,1.01,218,124,1.73,0.466
2023-06-06 18:50:25,219,118,1.12,1,0.700,217,150,3.74,1,0.963,218,127,1.96,1,0.775,220,140,2.85,1,1.02,219,126,1.78,0.437
2023-06-06 18:50:30,204,122,0.498,1,0.652,211,149,3.69,1,0.987,208,125,2.22,1,0.712,212,139,2.85,1,0.800,220,126,1.62,0.454
2023-06-06 18:50:35,214,123,1.73,1,0.726,219,149,3.76,1,0.958,220,125,3.94,1,0.783,222,137,4.32,1,0.729,208,125,1.85,0.203
2023-06-06 18:50:40,213,120,3.33,1,0.696,215,133,4.44,1,0.704,219,125,3.97,1,0.783,225,137,4.38,1,0.759,221,120,3.96,0.494
2023-06-06 18:50:45,220,120,3.36,1,0.696,222,146,4.46,1,0.698,226,124,3.93,1,0.682,229,137,4.34,1,0.777,230,117,4.01,0.537
2023-06-06 18:50:50,225,116,3.33,1,0.487,222,146,4.51,1,0.698,233,124,3.95,1,0.736,235,134,4.38,1,0.810,232,120,4.00,0.552
2023-06-06 18:50:55,231,123,3.42,1,0.721,228,147,4.54,1,0.687,234,124,3.91,1,0.736,239,138,4.36,1,0.825,240,127,3.97,0.776
2023-06-06 18:51:00,240,123,3.41,1,0.721,232,145,4.55,1,0.766,241,127,3.92,1,0.695,243,134,4.32,1,0.809,248,127,3.92,0.755
2023-06-06 18:51:05,238,123,3.37,1,0.811,244,150,4.55,1,0.922,247,126,3.89,1,0.443,245,139,4.23,1,0.833,254,129,3.89,0.759
2023-06-06 18:51:10,242,124,3.35,1,0.747,251,151,4.57,1,1.07,255,126,3.89,1,0.443,253,141,4.22,1,0.495,256,130,3.89,0.759
2023-06-06 18:51:15,243,125,3.32,1,0.804,254,153,4.57,1,1.09,264,116,3.85,1,0.442,258,141,4.16,1,0.495,258,131,3.93,0.703
2023-06-06 18:51:20,250,126,3.30,1,0.778,259,153,4.56,1,1.09,268,133,3.93,1,0.405,264,133,4.14,1,0.463,264,131,3.88,0.764
2023-06-06 18:51:25,271,119,3.26,1,0.699,272,157,4.59,1,0.921,278,133,3.82,1,0.380,282,145,4.07,1,0.507,271,133,3.92,0.781
2023-06-06 18:51:30,266,128,2.90,1,1.03,271,161,4.56,1,0.735,271,133,2.56,1,0.409,274,145,2.51,1,0.507,288,121,3.80,0.776
2023-06-06 18:51:35,268,128,1.50,1,1.03,278,162,4.17,1,0.945,278,135,2.59,1,0.393,278,146,2.51,1,0.469,279,138,2.40,0.775
2023-06-06 18:51:40,266,129,1.39,1,1.07,278,162,4.15,1,0.945,281,137,2.64,1,0.463,278,150,2.52,1,0.236,278,134,2.36,0.758
2023-06-06 18:51:45,266,131,1.39,1,1.06,282,160,4.11,1,0.982,282,138,2.60,1,0.489,279,151,2.52,1,0.232,278,140,2.27,0.722
2023-06-06 18:51:50,266,131,1.07,1,1.06,279,168,4.09,1,1.05,284,140,2.79,1,0.445,280,151,2.53,1,0.209,277,134,2.27,0.739
2023-06-06 18:51:55,265,133,1.10,1,1.05,281,168,4.08,1,1.05,283,140,2.75,1,0.430,282,152,2.53,1,0.225,279,142,2.32,0.958
2023-06-06 18:52:00,270,134,1.00,1,1.02,276,171,4.10,1,1.24,280,138,2.83,1,0.187,282,153,2.62,1,0.206,281,145,2.33,0.997
2023-06-06 18:52:05,273,134,1.06,1,1.02,275,173,4.06,1,1.34,278,143,2.78,1,0.476,282,153,2.58,1,0.206,282,145,2.46,0.997
2023-06-06 18:52:10,275,126,1.23,1,1.06,278,173,4.05,1,1.34,277,143,2.82,1,0.492,278,154,2.57,1,0.501,282,138,2.48,1.05
2023-06-06 18:52:15,272,139,1.09,1,1.18,281,178,4.04,1,1.01,282,147,2.67,1,0.540,276,156,2.57,1,0.522,284,148,2.67,0.968
2023-06-06 18:52:20,272,139,1.03,1,1.28,284,178,4.00,1,1.01,287,149,2.75,1,0.752,275,159,2.63,1,0.527,278,148,2.56,0.992
2023-06-06 18:52:25,273,142,1.18,1,1.24,282,173,3.96,1,1.09,290,150,2.80,1,0.727,273,152,2.58,1,0.504,281,153,2.57,0.668
2023-06-06 18:52:30,278,145,1.05,1,1.35,284,185,3.95,1,1.05,293,154,2.78,1,0.842,273,160,2.55,1,0.726,280,153,2.56,0.668
2023-06-06 18:52:35,279,145,0.500,1,1.35,283,185,3.93,1,1.06,294,156,2.71,1,0.727,273,160,2.46,1,0.825,283,149,2.65,0.676
2023-06-06 18:52:40,281,146,1.16,1,1.00,284,185,3.88,1,1.06,294,156,2.82,1,0.727,276,160,2.36,1,0.825,284,154,2.67,0.466
2023-06-06 18:52:45,279,146,1.28,1,1.00,285,175,3.85,1,1.02,294,157,2.68,1,0.774,276,156,2.36,1,0.726,282,154,2.77,0.674
2023-06-06 18:52:50,280,146,1.16,1,1.00,284,184,3.83,1,1.07,297,153,2.74,1,0.956,275,155,2.45,1,0.774,283,154,2.72,0.674
2023-06-06 18:52:55,281,146,1.19,1,1.28,287,184,3.76,1,0.970,300,158,2.75,1,0.985,277,162,2.35,1,0.819,278,154,2.76,0.734
2023-06-06 18:53:00,280,146,1.23,1,1.28,287,184,3.74,1,0.998,300,146,2.80,1,1.10,281,162,2.47,1,0.751,279,154,2.67,0.734
2023-06-06 18:53:05,281,147,1.12,1,1.33,287,174,3.71,1,1.08,297,157,2.78,1,1.34,282,157,2.42,1,0.742,278,155,2.73,0.683
2023-06-06 18:53:10,286,147,1.21,1,1.23,282,175,3.75,1,1.09,295,157,2.82,1,1.35,285,162,2.52,1,0.764,277,155,2.62,0.655
2023-06-06 18:53:15,286,147,1.24,1,1.06,279,184,3.80,1,1.06,294,157,2.78,1,1.22,287,162,2.39,1,0.764,280,154,2.71,0.769
2023-06-06 18:53:20,281,148,1.05,1,1.02,277,184,3.80,1,1.06,289,159,2.70,1,1.36,290,163,2.42,1,0.815,275,154,2.70,0.684
2023-06-06 18:53:25,281,148,0.499,1,1.18,282,184,3.78,1,0.755,287,154,2.74,1,1.35,291,154,2.40,1,0.740,281,154,2.70,0.729
2023-06-06 18:53:30,281,148,0.500,1,1.06,278,183,3.77,1,0.744,286,158,2.78,1,1.33,290,163,2.49,1,0.963,277,154,2.59,0.674
2023-06-06 18:53:35,285,148,1.02,1,1.06,276,182,3.73,1,0.811,284,157,2.67,1,1.57,292,164,2.57,1,1.09,278,154,2.61,0.461
2023-06-06 18:53:40,289,148,1.05,1,1.08,278,166,3.72,1,0.742,285,158,2.68,1,1.59,291,164,2.67,1,1.07,278,154,2.46,0.432
2023-06-06 18:53:45,291,144,1.08,1,1.06,277,180,3.75,1,0.787,284,158,2.62,1,1.61,290,165,2.61,1,1.04,280,153,2.54,0.471
2023-06-06 18:53:50,291,150,1.29,1,1.05,277,180,3.82,1,0.787,280,159,2.60,1,1.32,292,165,2.75,1,1.02,280,153,2.58,0.471
2023-06-06 18:53:55,292,151,1.27,1,0.906,280,181,3.83,1,0.712,279,158,2.55,1,1.28,285,166,2.70,1,0.991,281,152,2.60,0.531
2023-06-06 18:54:00,292,143,1.22,1,0.691,280,181,3.85,1,0.790,280,158,2.55,1,1.28,284,166,2.81,1,0.718,283,154,2.47,0.428
2023-06-06 18:54:05,288,152,1.18,1,0.778,284,181,3.80,1,0.790,281,157,2.49,1,1.28,283,166,2.72,1,0.718,279,154,2.50,0.428
2023-06-06 18:54:10,292,152,1.19,1,0.993,286,182,3.78,1,0.989,283,157,2.55,1,1.31,281,158,2.83,1,0.474,279,153,2.42,0.453
2023-06-06 18:54:15,298,153,1.25,1,1.01,289,183,3.87,1,1.07,286,157,2.47,1,1.31,282,167,2.81,1,0.438,286,154,2.52,0.452
2023-06-06 18:54:20,296,140,1.55,1,1.09,284,183,3.96,1,1.09,285,156,2.43,1,1.49,280,167,2.83,1,0.411,281,154,2.46,0.437
2023-06-06 18:54:25,296,153,1.63,1,1.03,287,184,4.00,1,0.992,283,155,2.41,1,1.27,285,167,2.77,1,0.411,284,144,2.49,0.141
2023-06-06 18:54:30,289,153,1.46,1,1.03,286,184,4.05,1,0.826,282,155,2.55,1,1.29,280,159,2.71,1,0.455,282,154,2.41,0.142
2023-06-06 18:54:35,286,153,1.32,1,1.02,288,184,4.06,1,0.877,283,150,2.45,1,1.30,280,167,2.57,1,0.728,284,154,2.45,0.142
2023-06-06 18:54:40,282,153,1.37,1,0.683,286,183,4.02,1,1.06,285,154,2.51,1,1.32,282,167,2.70,1,0.728,281,154,2.39,0.144
2023-06-06 18:54:45,279,153,1.23,1,0.714,284,183,3.99,1,1.12,287,154,2.41,1,1.32,278,167,2.64,1,0.800,285,146,2.35,0.423
2023-06-06 18:54:50,276,153,1.21,1,0.714,283,183,3.99,1,1.02,290,147,2.52,1,1.10,282,167,2.67,1,0.720,285,154,2.29,0.452
2023-06-06 18:54:55,277,152,1.43,1,0.697,281,182,3.97,1,1.16,291,155,2.51,1,0.995,284,167,2.54,1,0.720,283,155,2.42,0.434
2023-06-06 18:55:00,284,152,1.52,1,0.697,279,182,3.95,1,1.15,292,155,2.63,1,0.976,284,167,2.57,1,0.789,290,155,2.40,0.448
2023-06-06 18:55:05,280,152,1.69,1,0.708,280,182,3.90,1,1.30,293,155,2.66,1,1.09,285,166,2.44,1,0.688,295,156,2.42,0.469
2023-06-06 18:55:10,278,153,1.68,1,0.861,282,182,3.85,1,1.30,292,152,2.76,1,1.23,286,166,2.49,1,0.471,290,156,2.36,0.435
2023-06-06 18:55:15,281,154,1.75,1,0.671,284,183,3.80,1,1.32,292,152,2.72,1,1.11,290,166,2.51,1,0.471,292,157,2.42,0.460
2023-06-06 18:55:20,279,154,1.72,1,0.679,285,177,3.75,1,1.30,293,157,2.81,1,1.14,284,166,2.56,1,0.470,292,157,2.41,0.488
2023-06-06 18:55:25,283,153,1.89,1,0.709,284,168,3.72,1,1.11,289,157,2.66,1,1.30,284,167,2.55,1,0.687,294,152,2.52,0.404
2023-06-06 18:55:30,271,148,1.88,1,0.722,270,182,3.76,1,1.36,275,156,2.74,1,1.29,274,166,2.67,1,0.775,291,158,2.49,0.441
2023-06-06 18:55:35,270,153,2.36,1,0.733,255,182,3.96,1,1.36,259,153,3.07,1,1.42,281,160,2.97,1,0.786,278,154,2.51,0.685
2023-06-06 18:55:40,275,149,4.00,1,0.717,266,177,4.03,1,1.37,272,149,4.44,1,1.26,278,159,4.94,1,0.722,290,144,2.78,0.733
2023-06-06 18:55:45,287,145,4.00,1,0.705,270,172,4.76,1,1.39,278,149,4.43,1,1.26,283,158,4.86,1,0.794,284,152,4.52,1.06
2023-06-06 18:55:50,290,141,3.94,1,0.674,275,172,4.78,1,1.39,283,149,4.49,1,1.16,286,159,4.90,1,0.752,289,152,4.50,1.06
2023-06-06 18:55:55,290,145,3.97,1,0.454,282,159,4.80,1,1.20,288,148,4.44,1,1.14,292,159,4.89,1,0.752,288,152,4.53,1.06
2023-06-06 18:56:00,297,138,3.91,1,0.426,283,174,4.80,1,1.37,293,153,4.42,1,1.24,298,162,4.92,1,0.759,295,155,4.54,1.32
2023-06-06 18:56:05,309,143,3.95,1,0.411,285,174,4.81,1,1.37,297,144,4.40,1,1.37,303,163,4.87,1,0.783,298,156,4.61,1.30
2023-06-06 18:56:10,309,142,3.91,1,0.450,293,175,4.80,1,1.40,303,156,4.40,1,1.33,309,166,4.92,1,0.727,300,156,4.58,1.32
2023-06-06 18:56:15,318,148,3.98,1,0.479,296,175,4.81,1,1.40,310,156,4.35,1,1.33,317,168,4.85,1,0.480,310,159,4.60,1.29
2023-06-06 18:56:20,322,151,3.94,1,0.440,310,177,4.79,1,1.26,318,156,4.39,1,1.32,324,168,4.87,1,0.480,313,159,4.56,1.29
2023-06-06 18:56:25,344,151,3.96,1,0.509,324,179,4.79,1,1.10,339,156,4.32,1,1.12,344,170,4.83,1,0.436,319,151,4.57,1.10
2023-06-06 18:56:30,353,156,3.67,1,0.450,350,179,4.59,1,1.10,359,156,4.15,1,0.915,343,172,4.63,1,0.480,337,161,4.51,1.06
2023-06-06 18:56:35,354,156,2.39,1,0.423,343,182,4.57,1,1.00,350,152,3.22,1,1.01,353,172,3.21,1,0.517,334,161,4.32,1.06
2023-06-06 18:56:40,351,159,2.43,1,0.713,345,182,4.06,1,1.09,350,161,3.25,1,1.11,357,172,3.36,1,0.517,343,151,3.09,1.01
2023-06-06 18:56:45,349,160,2.44,1,0.710,345,184,4.09,1,0.960,352,162,3.22,1,1.02,362,177,3.34,1,0.481,348,165,3.25,1.03
2023-06-06 18:56:50,348,160,2.40,1,0.710,345,186,4.07,1,0.793,351,162,3.28,1,1.03,359,179,3.36,1,0.564,352,165,3.27,1.03
2023-06-06 18:56:55,351,161,2.62,1,0.451,351,186,4.07,1,0.811,352,164,3.25,1,0.868,360,179,3.37,1,0.531,348,166,3.30,1.14
2023-06-06 18:57:00,345,156,2.53,1,0.439,352,187,4.05,1,0.741,353,149,3.31,1,0.778,357,180,3.36,1,0.505,351,168,3.22,1.01
2023-06-06 18:57:05,348,162,2.40,1,0.467,348,182,4.04,1,0.762,355,167,3.32,1,1.01,355,173,3.26,1,0.202,355,168,3.27,1.01
2023-06-06 18:57:10,346,163,2.34,1,0.492,350,189,4.05,1,0.775,356,169,3.51,1,0.798,357,182,3.33,1,0.499,352,170,3.24,1.11
2023-06-06 18:57:15,347,165,2.35,1,0.715,343,194,4.10,1,0.492,354,169,3.44,1,0.798,358,183,3.37,1,0.514,353,163,3.31,1.06
2023-06-06 18:57:20,348,166,2.41,1,0.693,344,195,4.10,1,0.515,351,174,3.48,1,0.735,357,187,3.37,1,0.503,351,171,3.29,0.974
2023-06-06 18:57:25,344,176,2.48,1,0.809,342,192,4.14,1,0.469,350,181,3.42,1,0.790,357,194,3.25,1,0.504,355,174,3.37,0.738
2023-06-06 18:57:30,348,176,2.45,1,0.809,345,206,4.12,1,0.737,350,181,3.45,1,0.790,356,194,3.28,1,0.476,351,180,3.37,0.989
2023-06-06 18:57:35,349,176,2.51,1,0.696,344,206,4.10,1,0.737,353,182,3.42,1,0.934,350,194,3.13,1,0.476,351,181,3.38,0.780
2023-06-06 18:57:40,351,177,2.57,1,0.656,347,202,4.06,1,0.724,349,182,3.44,1,0.748,350,175,3.15,1,0.491,351,181,3.27,0.780
2023-06-06 18:57:45,353,178,2.75,1,0.773,346,208,4.10,1,0.502,346,182,3.32,1,0.748,352,195,3.08,1,0.802,350,178,3.25,0.472
2023-06-06 18:57:50,351,169,2.52,1,0.721,341,208,4.10,1,0.502,346,182,3.39,1,0.761,352,195,3.06,1,0.784,354,183,3.21,0.486
2023-06-06 18:57:55,349,178,2.58,1,0.938,341,197,4.10,1,0.496,349,182,3.33,1,0.642,351,195,3.03,1,0.784,356,183,3.21,0.486
2023-06-06 18:58:00,354,178,2.57,1,0.938,341,206,4.08,1,0.483,351,182,3.43,1,0.682,352,194,3.08,1,0.745,353,185,3.15,0.515
2023-06-06 18:58:05,356,178,2.67,1,0.969,340,206,4.06,1,0.470,350,182,3.32,1,0.682,349,194,3.01,1,0.760,357,185,3.28,0.496
2023-06-06 18:58:10,355,179,2.63,1,0.960,342,206,4.05,1,0.525,352,171,3.38,1,0.793,348,193,3.00,1,0.777,355,185,3.26,0.496
2023-06-06 18:58:15,351,178,2.53,1,0.974,345,207,4.05,1,0.742,353,183,3.35,1,1.02,349,193,2.90,1,0.738,359,185,3.31,0.768
2023-06-06 18:58:20,355,168,2.47,1,1.02,346,207,4.09,1,0.819,356,183,3.43,1,1.02,348,193,2.96,1,0.738,354,185,3.24,0.768
2023-06-06 18:58:25,352,178,2.52,1,0.953,345,207,4.07,1,0.838,362,183,3.43,1,1.02,350,183,2.98,1,0.747,356,185,3.26,0.718
2023-06-06 18:58:30,355,178,2.54,1,0.758,350,207,4.05,1,0.768,359,184,3.46,1,0.938,347,192,2.99,1,0.776,356,185,3.29,0.799
2023-06-06 18:58:35,357,178,2.55,1,0.758,347,199,4.06,1,0.795,359,184,3.40,1,0.938,344,191,2.93,1,0.702,350,185,3.28,0.799
2023-06-06 18:58:40,358,179,2.45,1,1.05,349,207,4.02,1,0.782,362,184,3.45,1,0.828,346,191,3.12,1,0.702,349,184,3.26,0.731
2023-06-06 18:58:45,356,180,2.51,1,1.06,349,207,4.03,1,0.773,362,178,3.39,1,0.672,351,193,3.17,1,0.779,347,184,3.33,0.770
2023-06-06 18:58:50,355,180,2.48,1,1.06,349,207,4.04,1,0.775,358,184,3.42,1,0.708,351,189,3.28,1,0.950,347,184,3.32,0.715
2023-06-06 18:58:55,354,170,2.52,1,0.721,353,207,4.04,1,0.775,353,184,3.28,1,0.717,355,195,3.29,1,0.782,349,184,3.37,0.715
2023-06-06 18:59:00,351,180,2.37,1,0.763,355,207,4.01,1,0.890,352,184,3.29,1,0.619,356,195,3.38,1,0.760,348,173,3.26,0.806
2023-06-06 18:59:05,353,180,2.41,1,0.787,356,207,4.06,1,0.760,354,184,3.20,1,0.692,358,186,3.34,1,0.714,354,185,3.31,0.777
2023-06-06 18:59:10,353,180,2.42,1,0.812,361,207,4.05,1,0.760,356,185,3.27,1,0.632,357,195,3.41,1,0.750,349,186,3.28,0.757
2023-06-06 18:59:15,354,180,2.49,1,1.13,360,200,4.05,1,0.520,356,185,3.24,1,0.632,360,196,3.40,1,0.794,356,185,3.31,0.778
2023-06-06 18:59:20,353,174,2.64,1,1.12,358,208,4.06,1,0.759,356,185,3.32,1,0.412,360,196,3.48,1,0.794,357,174,3.33,0.479
2023-06-06 18:59:25,352,179,2.63,1,1.14,355,208,4.09,1,0.759,355,186,3.25,1,0.706,363,188,3.48,1,0.495,360,185,3.36,0.453
2023-06-06 18:59:30,349,170,2.54,1,1.06,356,207,4.09,1,0.817,358,186,3.37,1,0.706,363,196,3.55,1,0.474,363,185,3.34,0.550
2023-06-06 18:59:35,347,180,2.46,1,1.15,357,208,4.10,1,0.731,357,176,3.37,1,0.962,363,196,3.40,1,0.436,365,185,3.37,0.550
2023-06-06 18:59:40,351,175,2.45,1,1.13,358,210,4.10,1,0.799,359,187,3.49,1,1.07,356,196,3.48,1,0.436,361,185,3.30,0.791
2023-06-06 18:59:45,356,175,2.58,1,1.13,358,210,4.10,1,0.782,357,186,3.44,1,1.05,358,196,3.40,1,0.483,364,185,3.43,0.843
2023-06-06 18:59:50,354,180,2.56,1,0.990,358,210,4.16,1,0.782,357,185,3.48,1,0.924,355,196,3.45,1,0.483,362,184,3.40,0.786
2023-06-06 18:59:55,354,179,2.59,1,1.09,353,209,4.19,1,0.713,361,175,3.44,1,0.669,357,196,3.39,1,0.483,357,184,3.45,0.762
2023-06-06 19:00:00,353,179,2.50,1,1.11,349,208,4.12,1,0.498,361,185,3.53,1,0.722,355,189,3.38,1,0.517,357,184,3.41,0.528
2023-06-06 19:00:05,355,179,2.82,1,1.13,350,209,4.13,1,0.735,360,186,3.52,1,0.898,355,197,3.29,1,0.460,361,184,3.44,0.528
2023-06-06 19:00:10,356,179,2.89,1,1.11,351,210,4.17,1,0.756,358,185,3.50,1,0.915,349,196,3.45,1,0.495,357,178,3.51,0.509
2023-06-06 19:00:15,356,180,2.81,1,1.13,349,210,4.20,1,0.839,355,185,3.46,1,1.07,349,196,3.40,1,0.472,356,175,3.49,0.478
2023-06-06 19:00:20,360,180,2.81,1,1.15,351,204,4.21,1,0.857,358,185,3.55,1,1.07,352,197,3.47,1,0.716,356,186,3.45,0.460
2023-06-06 19:00:25,361,176,3.01,1,1.12,356,205,4.20,1,0.750,356,185,3.48,1,0.917,356,198,3.45,1,0.787,356,181,3.49,0.512
2023-06-06 19:00:30,351,181,3.00,1,1.09,348,211,4.21,1,0.855,349,185,3.52,1,0.955,344,198,3.54,1,0.787,356,187,3.54,0.498
2023-06-06 19:00:35,319,181,3.30,1,1.09,324,211,4.22,1,0.855,320,185,3.60,1,0.955,326,185,3.70,1,0.451,345,185,3.55,0.719
2023-06-06 19:00:40,336,170,3.89,1,1.05,329,211,4.37,1,0.881,336,173,4.45,1,1.09,339,188,4.81,1,0.486,325,185,3.67,0.767
2023-06-06 19:00:45,335,170,4.48,1,1.10,321,198,6.84,1,0.856,331,175,4.45,1,1.29,347,188,4.77,1,0.486,341,181,4.73,0.770
2023-06-06 19:00:50,346,170,4.54,1,1.10,331,197,6.80,1,0.833,332,175,4.52,1,1.31,349,178,4.79,1,0.482,346,177,4.72,0.764
2023-06-06 19:00:55,347,166,4.57,1,0.915,338,200,7.33,1,1.06,332,175,4.51,1,1.17,355,189,4.78,1,0.466,348,177,4.76,0.749
2023-06-06 19:01:00,352,174,4.47,1,1.07,339,193,6.90,1,1.08,334,174,4.53,1,1.30,354,189,4.83,1,0.466,355,177,4.71,0.728
2023-06-06 19:01:05,354,174,4.48,1,1.07,342,200,6.91,1,0.896,344,168,4.56,1,1.27,363,190,4.77,1,0.427,362,171,4.73,0.709
2023-06-06 19:01:10,364,175,4.51,1,1.000,353,200,6.85,1,0.896,352,174,4.60,1,1.25,367,190,4.81,1,0.481,366,174,4.70,0.742
2023-06-06 19:01:15,363,176,4.56,1,0.843,355,204,6.96,1,0.796,356,177,4.54,1,1.27,374,190,4.74,1,0.508,373,181,4.75,0.744
2023-06-06 19:01:20,368,177,4.49,1,0.792,349,204,6.73,1,0.879,362,179,4.55,1,1.18,371,193,4.75,1,0.469,379,184,4.72,0.672
2023-06-06 19:01:25,385,180,4.56,1,0.699,365,207,6.79,1,1.08,374,178,4.52,1,1.03,389,193,4.72,1,0.503,385,183,4.70,0.451
2023-06-06 19:01:30,420,181,4.31,1,0.723,398,205,6.31,1,1.11,408,180,4.40,1,1.01,416,195,4.51,1,0.453,401,176,4.68,0.413
2023-06-06 19:01:35,409,181,3.99,1,0.835,398,196,4.93,1,1.17,403,170,3.80,1,1.07,408,183,3.59,1,0.459,429,187,4.53,0.365
2023-06-06 19:01:40,417,183,3.48,1,0.745,411,210,4.40,1,1.47,416,184,3.86,1,0.988,403,197,3.61,1,0.717,417,188,3.78,0.402
2023-06-06 19:01:45,411,183,3.52,1,0.745,410,211,4.44,1,1.45,418,184,3.80,1,1.01,404,199,3.56,1,0.820,427,188,3.83,0.402
2023-06-06 19:01:50,414,186,3.47,1,0.821,407,212,4.41,1,1.47,418,184,3.82,1,0.842,406,200,3.61,1,1.04,427,192,3.77,0.384
2023-06-06 19:01:55,414,188,3.54,1,0.744,404,212,4.41,1,1.09,421,185,3.80,1,0.991,412,201,3.56,1,1.03,429,192,3.83,0.401
2023-06-06 19:02:00,415,187,3.49,1,0.716,408,212,4.39,1,1.08,416,185,3.75,1,0.991,413,202,3.64,1,0.951,431,193,3.83,0.415
2023-06-06 19:02:05,411,188,3.51,1,0.754,408,200,4.37,1,1.17,413,175,3.71,1,1.05,418,201,3.61,1,0.742,434,195,3.84,0.438
2023-06-06 19:02:10,411,188,3.47,1,0.754,410,207,4.38,1,1.37,415,188,3.76,1,1.01,420,202,3.73,1,0.768,431,195,3.80,0.438
2023-06-06 19:02:15,410,188,3.58,1,0.773,415,215,4.42,1,1.41,416,189,3.74,1,1.02,427,205,3.77,1,0.939,432,195,3.86,0.460
2023-06-06 19:02:20,420,178,3.55,1,0.734,409,216,4.43,1,1.29,422,190,3.85,1,0.931,430,217,3.84,1,1.06,431,200,3.83,0.463
2023-06-06 19:02:25,417,200,3.63,1,1.09,411,227,4.41,1,1.49,416,188,3.81,1,0.712,432,217,3.89,1,1.06,429,200,3.87,0.476
2023-06-06 19:02:30,421,205,3.53,1,1.07,411,232,4.38,1,1.66,413,203,3.82,1,0.756,431,218,3.88,1,0.927,428,204,3.81,0.455
2023-06-06 19:02:35,419,205,3.67,1,0.998,412,232,4.38,1,1.66,414,203,3.80,1,0.756,435,219,3.89,1,1.02,431,200,3.82,0.476
2023-06-06 19:02:40,420,197,3.60,1,0.765,414,233,4.37,1,1.52,418,204,3.88,1,0.682,440,219,4.01,1,1.03,425,210,3.78,0.432
2023-06-06 19:02:45,421,207,3.64,1,0.773,421,226,4.40,1,1.35,417,206,3.84,1,0.747,439,209,3.95,1,0.991,429,211,3.83,0.444
2023-06-06 19:02:50,422,207,3.60,1,0.744,424,234,4.46,1,1.38,419,205,3.88,1,0.929,440,221,4.00,1,1.04,422,211,3.85,0.491
2023-06-06 19:02:55,424,207,3.62,1,0.744,423,211,4.47,1,1.40,420,198,3.88,1,0.705,439,221,4.00,1,1.01,427,211,3.86,0.672
2023-06-06 19:03:00,428,208,3.58,1,0.771,418,233,4.44,1,1.38,422,205,3.92,1,0.694,439,222,4.13,1,0.926,423,211,3.86,0.672
2023-06-06 19:03:05,431,208,3.66,1,0.787,417,234,4.44,1,1.34,420,205,3.90,1,0.694,433,222,4.06,1,1.03,423,211,3.85,0.751
2023-06-06 19:03:10,432,208,3.57,1,1.10,419,234,4.41,1,1.50,420,204,3.95,1,0.771,430,222,4.07,1,1.05,424,211,3.81,0.751
2023-06-06 19:03:15,431,208,3.61,1,1.10,423,234,4.43,1,1.38,418,194,3.86,1,0.752,425,222,3.97,1,0.900,425,211,3.86,0.646
2023-06-06 19:03:20,427,208,3.51,1,1.08,422,234,4.43,1,1.37,422,203,3.87,1,1.08,422,222,4.00,1,0.725,428,211,3.83,0.730
2023-06-06 19:03:25,426,208,3.52,1,1.11,427,234,4.47,1,1.04,423,203,3.85,1,1.05,430,222,4.07,1,0.725,425,211,3.86,0.669
2023-06-06 19:03:30,428,200,3.39,1,1.09,422,234,4.43,1,1.07,425,197,3.89,1,0.942,434,223,4.15,1,0.738,425,211,3.88,0.669
2023-06-06 19:03:35,427,207,3.54,1,1.29,418,232,4.41,1,1.22,420,204,3.79,1,0.958,431,225,4.09,1,0.631,426,210,3.94,0.797
2023-06-06 19:03:40,424,200,3.49,1,1.41,414,233,4.39,1,1.39,430,199,3.86,1,0.782,429,225,4.13,1,0.395,423,210,3.89,0.726
2023-06-06 19:03:45,429,207,3.49,1,1.39,416,227,4.34,1,1.38,430,206,3.85,1,1.00,428,225,4.13,1,0.406,424,210,3.88,0.726
2023-06-06 19:03:50,430,197,3.48,1,1.32,414,221,4.31,1,1.27,432,206,3.86,1,1.02,429,226,4.18,1,0.463,419,209,3.85,0.750
2023-06-06 19:03:55,430,208,3.58,1,1.07,420,232,4.32,1,1.05,430,207,3.81,1,1.04,426,226,4.04,1,0.382,421,208,3.83,0.664
2023-06-06 19:04:00,427,208,3.47,1,1.07,420,232,4.29,1,1.03,436,207,3.89,1,1.02,431,226,4.15,1,0.113,422,196,3.81,0.409
2023-06-06 19:04:05,428,198,3.54,1,0.854,425,215,4.29,1,0.955,435,207,3.85,1,1.04,433,227,4.10,1,0.0983,415,201,3.81,0.353
2023-06-06 19:04:10,418,206,3.54,1,0.791,423,232,4.27,1,0.994,439,197,3.88,1,1.07,437,227,4.20,1,0.110,416,208,3.85,0.357
2023-06-06 19:04:15,424,205,3.58,1,0.802,420,232,4.34,1,1.01,441,208,3.90,1,1.20,438,226,4.14,1,0.111,415,207,3.88,0.325
2023-06-06 19:04:20,416,205,3.59,1,0.786,418,232,4.30,1,0.805,440,198,3.93,1,1.29,433,227,4.15,1,0.389,417,198,3.84,0.386
2023-06-06 19:04:25,419,205,3.62,1,0.871,423,233,4.31,1,1.02,435,209,3.87,1,1.39,429,227,4.08,1,0.374,418,207,3.82,0.419
2023-06-06 19:04:30,424,205,3.44,1,0.764,426,232,4.31,1,1.09,436,209,3.94,1,1.30,431,228,4.14,1,0.392,416,207,3.79,0.419
2023-06-06 19:04:35,427,205,3.49,1,0.837,433,232,4.30,1,1.08,431,209,3.91,1,1.30,430,227,4.11,1,0.360,417,208,3.82,0.619
2023-06-06 19:04:40,424,205,3.61,1,0.837,434,219,4.30,1,1.02,430,209,3.91,1,1.10,433,227,4.15,1,0.392,416,208,3.78,0.419
2023-06-06 19:04:45,422,205,3.66,1,0.912,435,232,4.32,1,1.10,431,209,3.91,1,0.988,437,227,4.05,1,0.378,422,208,3.91,0.389
2023-06-06 19:04:50,419,204,3.55,1,1.07,433,232,4.34,1,1.12,430,209,3.96,1,1.04,439,227,4.10,1,0.405,418,208,3.91,0.389
2023-06-06 19:04:55,424,204,3.62,1,1.04,429,234,4.36,1,0.998,427,209,3.87,1,1.07,436,227,4.00,1,0.638,420,195,3.94,0.660
2023-06-06 19:05:00,426,204,3.56,1,0.827,423,234,4.36,1,0.783,427,198,3.92,1,0.691,438,228,4.07,1,0.762,430,208,3.94,0.719
2023-06-06 19:05:05,431,199,3.59,1,0.821,426,234,4.43,1,0.791,423,210,3.88,1,0.748,432,228,3.98,1,0.780,433,208,3.92,0.751
2023-06-06 19:05:10,430,204,3.62,1,0.793,427,233,4.40,1,0.878,422,204,3.92,1,0.762,435,228,4.03,1,0.706,434,199,3.91,0.706
2023-06-06 19:05:15,430,204,3.63,1,0.793,428,234,4.42,1,1.06,422,200,3.90,1,0.700,437,214,3.99,1,0.747,437,204,3.99,0.991
2023-06-06 19:05:20,429,204,3.60,1,0.776,424,227,4.44,1,1.02,428,210,3.99,1,0.967,436,227,4.04,1,0.805,436,210,4.00,1.00
2023-06-06 19:05:25,427,198,3.68,1,0.472,427,235,4.44,1,0.788,428,202,3.93,1,0.965,433,227,3.94,1,0.721,437,210,3.99,1.10
2023-06-06 19:05:30,415,199,3.67,1,0.474,422,227,4.42,1,0.701,429,209,3.97,1,0.785,422,226,3.97,1,0.749,436,204,3.95,0.982
2023-06-06 19:05:35,381,197,3.81,1,0.787,389,235,4.47,1,0.808,398,204,4.12,1,0.700,388,205,4.14,1,0.745,428,209,4.00,0.990
2023-06-06 19:05:40,371,197,3.83,1,0.787,352,215,4.59,1,0.727,377,197,4.26,1,0.688,392,216,4.23,1,0.747,391,200,4.04,1.00
2023-06-06 19:05:45,371,193,4.25,1,0.978,362,216,4.61,1,0.717,384,197,4.55,1,0.806,388,211,6.52,1,0.764,396,200,4.08,1.00
2023-06-06 19:05:50,367,188,4.44,1,0.999,368,215,4.94,1,0.693,387,197,4.70,1,0.806,397,210,6.96,1,0.788,391,194,4.55,1.01
2023-06-06 19:05:55,374,181,4.47,1,1.12,375,213,4.96,1,0.839,389,182,4.68,1,0.747,396,210,6.52,1,0.755,393,185,4.60,1.04
2023-06-06 19:06:00,374,188,4.43,1,1.16,376,216,4.87,1,1.01,393,191,4.72,1,0.822,405,211,6.70,1,0.735,391,197,4.58,0.977
2023-06-06 19:06:05,381,191,4.44,1,1.02,382,216,4.94,1,1.01,395,192,4.68,1,0.845,405,199,6.04,1,0.513,394,197,4.61,1.07
2023-06-06 19:06:10,389,178,4.43,1,1.10,383,215,4.93,1,0.793,398,194,4.72,1,0.767,412,211,6.30,1,0.488,398,199,4.57,1.24
2023-06-06 19:06:15,390,185,4.46,1,1.04,387,215,4.94,1,0.793,402,193,4.70,1,0.802,419,211,5.81,1,0.488,403,186,4.59,1.02
2023-06-06 19:06:20,391,192,4.41,1,1.03,387,217,4.95,1,0.706,410,193,4.72,1,0.802,422,212,6.32,1,0.529,404,198,4.60,1.14
2023-06-06 19:06:25,408,191,4.44,1,1.04,392,209,4.99,1,0.773,412,196,4.72,1,0.715,440,213,6.04,1,0.480,409,199,4.62,1.01
2023-06-06 19:06:30,449,184,4.25,1,0.986,428,216,4.92,1,0.759,448,195,4.57,1,0.814,479,213,4.93,1,0.480,424,199,4.60,1.01
2023-06-06 19:06:35,469,188,4.25,1,1.07,467,214,4.79,1,0.734,472,195,4.44,1,0.814,478,205,4.91,1,0.493,457,200,4.50,1.14
2023-06-06 19:06:40,472,196,4.01,1,0.985,461,215,4.74,1,0.724,476,195,4.28,1,0.797,486,202,4.28,1,0.483,465,200,4.46,1.14
2023-06-06 19:06:45,481,197,3.88,1,1.01,465,216,4.49,1,0.713,476,198,4.16,1,0.773,482,215,4.26,1,0.204,477,202,4.16,0.788
2023-06-06 19:06:50,477,187,3.90,1,1.10,466,216,4.46,1,0.713,482,198,4.17,1,0.773,487,215,4.33,1,0.204,476,196,4.13,0.774
2023-06-06 19:06:55,481,187,3.94,1,1.09,462,216,4.47,1,0.415,488,189,4.15,1,0.978,486,217,4.29,1,0.174,480,192,4.13,0.438
2023-06-06 19:07:00,478,201,3.90,1,1.27,462,217,4.41,1,0.400,488,189,4.21,1,0.770,491,216,4.35,1,0.204,481,204,4.13,0.469
2023-06-06 19:07:05,481,201,3.95,1,1.29,468,218,4.40,1,0.666,495,201,4.19,1,0.828,489,217,4.34,1,0.203,482,203,4.15,0.439
2023-06-06 19:07:10,485,201,3.97,1,1.52,472,218,4.40,1,0.666,494,202,4.19,1,0.762,492,218,4.36,1,0.216,482,192,4.44,0.410
2023-06-06 19:07:15,487,203,4.03,1,1.32,471,220,4.44,1,0.757,491,203,4.17,1,0.759,491,218,4.35,1,0.216,487,205,4.47,0.457
2023-06-06 19:07:20,487,203,4.04,1,1.34,475,220,4.43,1,0.757,495,209,4.20,1,0.855,492,206,4.39,1,0.191,485,205,4.46,0.457
2023-06-06 19:07:25,488,212,4.09,1,1.04,473,230,4.47,1,0.662,498,210,4.19,1,0.728,492,232,4.38,1,0.466,489,207,4.48,0.694
2023-06-06 19:07:30,488,212,4.07,1,1.04,478,242,4.46,1,0.749,503,208,4.23,1,0.724,489,238,4.35,1,0.450,492,218,4.45,0.780
2023-06-06 19:07:35,487,224,4.10,1,0.821,478,242,4.52,1,0.749,500,210,4.15,1,0.498,489,238,4.32,1,0.450,483,224,4.47,0.806
2023-06-06 19:07:40,486,224,4.03,1,0.740,486,230,4.50,1,0.765,507,223,4.21,1,0.465,488,239,4.40,1,0.440,479,212,4.39,0.779
2023-06-06 19:07:45,487,214,4.05,1,0.781,483,244,4.58,1,0.798,501,223,4.19,1,0.485,492,240,4.35,1,0.456,482,223,4.42,0.841
2023-06-06 19:07:50,488,216,4.04,1,0.790,486,244,4.56,1,0.798,498,216,4.22,1,0.466,489,240,4.40,1,0.418,484,223,4.42,0.822
2023-06-06 19:07:55,492,224,4.11,1,0.729,489,237,4.59,1,0.666,498,225,4.19,1,0.512,495,240,4.35,1,0.460,486,223,4.53,1.01
2023-06-06 19:08:00,494,217,4.10,1,0.743,486,232,4.61,1,0.715,491,223,4.20,1,0.452,493,240,4.37,1,0.461,483,222,4.59,0.781
2023-06-06 19:08:05,493,224,4.09,1,0.823,486,245,4.65,1,0.771,493,223,4.22,1,0.469,492,240,4.36,1,0.429,484,222,4.41,0.737
2023-06-06 19:08:10,498,225,4.11,1,0.729,487,225,4.61,1,0.725,497,224,4.24,1,0.482,500,241,4.42,1,0.455,483,222,4.44,0.818
2023-06-06 19:08:15,497,225,4.10,1,0.492,485,245,4.63,1,0.976,492,224,4.21,1,0.417,499,241,4.38,1,0.455,489,222,4.49,0.822
2023-06-06 19:08:20,494,225,4.04,1,0.507,489,245,4.63,1,1.14,493,224,4.21,1,0.417,503,242,4.43,1,0.389,486,222,4.45,0.822
2023-06-06 19:08:25,492,225,4.08,1,0.441,492,245,4.68,1,1.14,488,212,4.19,1,0.469,506,231,4.44,1,0.439,491,211,4.47,0.764
2023-06-06 19:08:30,497,225,4.05,1,0.453,495,232,4.67,1,1.05,488,224,4.24,1,0.765,509,243,4.50,1,0.465,497,222,4.46,0.813
2023-06-06 19:08:35,500,225,4.13,1,0.698,484,247,4.67,1,0.976,481,224,4.17,1,0.765,512,229,4.48,1,0.435,495,215,4.48,0.767
2023-06-06 19:08:40,497,215,4.09,1,0.471,487,248,4.62,1,1.12,482,223,4.19,1,0.751,508,244,4.54,1,0.464,493,221,4.46,0.783
2023-06-06 19:08:45,498,225,4.10,1,0.516,486,248,4.66,1,1.17,486,222,4.19,1,0.481,515,245,4.53,1,0.492,491,221,4.47,0.857
2023-06-06 19:08:50,499,225,4.02,1,0.475,487,248,4.69,1,1.02,485,222,4.21,1,0.481,509,245,4.57,1,0.473,490,221,4.46,0.765
2023-06-06 19:08:55,498,225,3.99,1,0.451,485,248,4.70,1,0.824,493,222,4.20,1,0.524,509,245,4.53,1,0.722,489,204,4.45,0.798
2023-06-06 19:09:00,496,226,4.00,1,0.731,487,248,4.64,1,0.848,486,222,4.21,1,0.505,510,245,4.64,1,0.722,491,222,4.37,0.872
2023-06-06 19:09:05,496,226,3.93,1,0.719,491,234,4.70,1,0.922,484,222,4.22,1,0.439,506,238,4.61,1,0.489,487,222,4.33,1.03
2023-06-06 19:09:10,496,226,3.96,1,0.733,490,248,4.69,1,1.14,487,223,4.27,1,0.479,505,246,4.65,1,0.483,486,222,4.37,1.03
2023-06-06 19:09:15,496,226,3.99,1,0.716,493,249,4.70,1,1.13,487,223,4.25,1,0.466,499,246,4.57,1,0.483,492,221,4.42,0.793
2023-06-06 19:09:20,500,226,3.93,1,0.716,492,249,4.64,1,1.13,484,216,4.29,1,0.669,501,246,4.62,1,0.483,487,209,4.42,0.760
2023-06-06 19:09:25,497,227,4.00,1,0.800,492,244,4.67,1,0.787,486,221,4.26,1,0.790,500,246,4.55,1,0.488,493,224,4.46,0.774
2023-06-06 19:09:30,496,226,3.96,1,0.694,498,250,4.66,1,0.788,489,221,4.36,1,0.790,497,246,4.52,1,0.488,493,224,4.46,0.754
2023-06-06 19:09:35,498,220,4.00,1,0.664,494,250,4.70,1,0.788,486,220,4.33,1,0.779,499,246,4.42,1,0.488,491,224,4.49,0.732
2023-06-06 19:09:40,498,227,3.99,1,0.794,499,235,4.68,1,0.841,485,208,4.35,1,0.709,497,238,4.45,1,0.441,492,224,4.56,0.438
2023-06-06 19:09:45,498,228,4.04,1,0.714,496,250,4.66,1,0.775,490,221,4.31,1,0.766,495,245,4.46,1,0.451,489,224,4.57,0.454
2023-06-06 19:09:50,499,228,4.03,1,0.714,499,250,4.64,1,0.775,484,221,4.35,1,0.766,496,244,4.51,1,0.450,493,225,4.50,0.447
2023-06-06 19:09:55,505,218,4.11,1,1.02,498,251,4.68,1,0.813,489,215,4.32,1,0.697,490,244,4.37,1,0.430,496,225,4.50,0.476
2023-06-06 19:10:00,501,227,4.16,1,1.01,497,252,4.62,1,0.772,492,222,4.34,1,0.806,490,244,4.39,1,0.441,498,225,4.47,0.457
2023-06-06 19:10:05,499,227,4.14,1,1.01,496,252,4.63,1,0.772,493,222,4.30,1,0.806,494,244,4.37,1,0.438,496,226,4.41,0.443
2023-06-06 19:10:10,498,227,4.14,1,1.06,495,253,4.60,1,0.957,491,223,4.35,1,0.702,499,244,4.47,1,0.402,490,226,4.37,0.443
2023-06-06 19:10:15,492,227,4.14,1,1.06,493,252,4.66,1,1.10,496,223,4.30,1,0.452,495,244,4.41,1,0.402,491,226,4.45,0.457
2023-06-06 19:10:20,494,227,4.09,1,1.06,495,252,4.67,1,1.10,495,223,4.33,1,0.452,496,230,4.45,1,0.387,485,226,4.40,0.397
2023-06-06 19:10:25,492,211,4.12,1,0.734,490,252,4.69,1,1.10,493,223,4.24,1,0.463,497,243,4.40,1,0.368,488,219,4.41,0.392
2023-06-06 19:10:30,495,225,4.13,1,0.687,495,253,4.64,1,0.941,497,223,4.28,1,0.730,488,243,4.47,1,0.368,488,226,4.38,0.401
2023-06-06 19:10:35,455,224,4.14,1,0.785,462,252,4.66,1,1.12,465,223,4.29,1,0.730,449,243,4.58,1,0.368,486,223,4.36,0.438
2023-06-06 19:10:40,408,223,4.31,1,0.811,419,252,4.72,1,1.12,418,223,4.40,1,0.702,457,226,4.63,1,0.108,453,223,4.37,0.438
2023-06-06 19:10:45,368,199,4.37,1,0.702,428,232,4.74,1,1.21,381,198,4.39,1,0.717,451,226,12.2,1,0.108,442,217,4.40,0.451
2023-06-06 19:10:50,380,197,7.52,1,0.477,414,231,17.7,1,1.08,398,198,9.92,1,0.717,458,217,14.4,1,0.0711,439,210,8.17,0.186
2023-06-06 19:10:55,381,195,8.54,1,0.477,423,229,20.9,1,1.10,390,198,9.83,1,0.724,465,226,14.5,1,0.429,445,210,8.69,0.186
2023-06-06 19:11:00,384,195,9.06,1,0.479,424,230,24.2,1,1.08,395,192,10.2,1,0.914,461,226,15.5,1,0.429,448,211,8.40,0.208
2023-06-06 19:11:05,390,188,9.40,1,0.447,423,231,24.8,1,0.927,395,193,10.00,1,0.747,463,226,14.6,1,0.429,452,199,9.14,0.483
2023-06-06 19:11:10,394,194,9.62,1,0.487,422,226,20.8,1,1.01,400,193,12.8,1,0.747,470,214,17.7,1,0.494,457,210,9.14,0.509
2023-06-06 19:11:15,399,193,12.7,1,0.496,422,220,19.4,1,1.01,398,193,12.0,1,0.747,472,229,17.5,1,0.468,462,211,10.8,0.487
2023-06-06 19:11:20,396,193,9.71,1,0.496,436,231,18.2,1,0.929,404,196,12.2,1,0.744,479,229,20.8,1,0.468,466,198,10.9,0.485
2023-06-06 19:11:25,402,193,9.89,1,0.451,436,229,22.7,1,1.10,412,194,12.2,1,0.756,489,231,20.0,1,0.514,471,213,12.4,0.798
2023-06-06 19:11:30,440,193,7.73,1,0.448,472,228,21.0,1,1.11,451,196,9.71,1,0.789,532,231,16.5,1,0.514,470,213,10.7,0.798
2023-06-06 19:11:35,493,193,4.91,1,0.448,522,234,14.7,1,1.26,496,201,6.69,1,0.960,533,231,12.9,1,0.514,514,212,10.5,0.776
2023-06-06 19:11:40,539,188,4.88,1,0.441,514,233,9.31,1,1.28,540,191,5.63,1,1.06,545,231,4.73,1,0.561,524,210,10.2,1.02
2023-06-06 19:11:45,532,180,4.30,1,0.152,536,231,4.74,1,1.12,522,198,4.41,1,1.10,544,235,4.69,1,0.777,533,210,5.95,1.02
2023-06-06 19:11:50,535,197,4.28,1,0.427,530,233,4.75,1,1.09,534,201,4.44,1,1.27,542,234,4.70,1,0.876,532,211,5.59,1.35
2023-06-06 19:11:55,537,189,4.28,1,0.459,536,234,4.77,1,1.06,536,198,4.44,1,1.46,551,226,4.65,1,0.879,537,205,5.86,1.34
2023-06-06 19:12:00,539,198,4.28,1,0.432,544,233,4.78,1,1.08,539,194,4.46,1,1.59,552,234,4.68,1,0.903,544,213,5.51,1.33
2023-06-06 19:12:05,540,198,4.36,1,0.432,547,235,4.82,1,0.983,544,203,4.43,1,1.57,549,236,4.62,1,0.889,552,215,5.09,1.35
2023-06-06 19:12:10,539,194,4.31,1,0.509,548,236,4.82,1,1.13,549,191,4.47,1,1.41,556,236,4.64,1,0.943,546,216,4.93,1.33
2023-06-06 19:12:15,550,185,4.35,1,0.497,543,236,4.89,1,1.11,552,200,4.46,1,1.54,553,236,4.56,1,0.943,551,218,4.93,1.23
2023-06-06 19:12:20,549,201,4.40,1,0.468,543,238,4.88,1,0.985,553,207,4.47,1,1.28,555,249,4.59,1,0.958,554,219,4.85,1.34
2023-06-06 19:12:25,555,202,4.54,1,0.443,545,239,4.89,1,1.01,553,207,4.42,1,1.28,554,256,4.61,1,0.913,563,214,4.89,1.33
2023-06-06 19:12:30,547,222,4.48,1,0.481,543,253,4.87,1,0.826,560,232,4.44,1,1.49,554,256,4.64,1,0.845,561,222,4.77,1.24
2023-06-06 19:12:35,546,216,4.47,1,0.462,547,260,4.90,1,0.824,565,234,4.42,1,1.59,553,256,4.62,1,0.845,567,236,4.67,1.37
2023-06-06 19:12:40,547,229,4.43,1,0.436,544,260,4.86,1,0.995,572,234,4.48,1,1.59,555,249,4.70,1,0.576,557,236,4.46,1.37
2023-06-06 19:12:45,549,232,4.48,1,0.506,546,263,4.93,1,1.18,568,241,4.46,1,1.28,555,257,4.65,1,0.505,566,214,4.55,1.24
2023-06-06 19:12:50,553,233,4.48,1,0.469,549,263,4.88,1,1.06,568,241,4.47,1,1.28,556,257,4.70,1,0.505,562,237,4.51,1.34
2023-06-06 19:12:55,552,234,4.55,1,0.442,539,263,4.88,1,1.06,568,241,4.43,1,1.28,554,242,4.67,1,0.499,564,237,4.59,1.34
2023-06-06 19:13:00,556,236,4.43,1,0.469,540,263,4.86,1,1.04,560,242,4.45,1,1.50,559,257,4.74,1,0.496,557,238,4.53,1.35
2023-06-06 19:13:05,556,236,4.45,1,0.433,546,263,4.87,1,1.19,558,242,4.41,1,1.58,561,257,4.73,1,0.496,564,239,4.57,1.07
2023-06-06 19:13:10,555,236,4.44,1,0.435,551,263,4.81,1,1.32,555,242,4.44,1,1.58,560,259,4.76,1,0.729,560,239,4.54,1.07
2023-06-06 19:13:15,548,237,4.44,1,0.479,560,263,4.87,1,1.32,553,234,4.41,1,1.45,566,259,4.78,1,0.775,554,240,4.55,1.09
2023-06-06 19:13:20,548,237,4.32,1,0.716,553,263,4.87,1,1.17,548,241,4.46,1,1.38,569,259,4.80,1,0.775,555,239,4.52,0.948
2023-06-06 19:13:25,551,237,4.36,1,0.742,552,264,4.89,1,1.31,548,241,4.45,1,1.38,569,245,4.77,1,0.747,557,244,4.52,0.793
2023-06-06 19:13:30,549,236,4.33,1,0.498,555,264,4.88,1,1.31,546,241,4.48,1,1.46,571,260,4.83,1,0.808,555,244,4.53,0.793
2023-06-06 19:13:35,546,236,4.40,1,0.449,556,250,4.94,1,1.36,544,241,4.41,1,1.32,572,260,4.82,1,0.802,565,245,4.57,0.737
2023-06-06 19:13:40,547,236,4.35,1,0.422,558,264,4.87,1,1.46,547,241,4.44,1,1.16,572,255,4.92,1,0.691,559,237,4.46,0.512
2023-06-06 19:13:45,547,236,4.36,1,0.451,553,264,4.89,1,1.46,545,235,4.38,1,1.20,572,249,4.95,1,0.746,564,244,4.50,0.529
2023-06-06 19:13:50,546,237,4.31,1,0.452,565,240,4.89,1,1.29,550,241,4.43,1,1.05,576,263,5.19,1,0.829,557,237,4.41,0.506
2023-06-06 19:13:55,547,237,4.35,1,0.452,562,264,4.89,1,1.35,555,241,4.40,1,1.08,565,262,4.91,1,1.04,565,244,4.43,0.490
2023-06-06 19:14:00,545,216,4.33,1,0.679,556,263,4.89,1,1.34,560,227,4.43,1,1.01,560,262,4.97,1,1.03,561,244,4.43,0.754
2023-06-06 19:14:05,540,236,4.32,1,0.764,555,263,4.91,1,1.38,562,240,4.41,1,1.12,564,262,4.93,1,1.16,561,244,4.50,0.810
2023-06-06 19:14:10,545,236,4.26,1,0.764,552,263,4.85,1,1.35,561,241,4.45,1,0.987,558,262,4.96,1,1.35,566,244,4.51,0.764
2023-06-06 19:14:15,548,236,4.30,1,0.764,551,264,4.91,1,1.24,564,241,4.46,1,0.987,560,256,4.94,1,1.34,571,245,4.56,0.837
2023-06-06 19:14:20,550,224,4.29,1,0.730,557,249,4.91,1,1.04,565,240,4.48,1,0.829,559,263,4.95,1,1.34,567,245,4.55,1.04
2023-06-06 19:14:25,553,236,4.37,1,0.782,558,265,4.89,1,1.12,564,240,4.46,1,0.829,558,257,4.89,1,1.35,571,245,4.59,1.04
2023-06-06 19:14:30,554,236,4.32,1,0.691,560,252,4.84,1,1.06,570,240,4.53,1,0.733,560,265,4.90,1,1.56,565,246,4.56,0.764
2023-06-06 19:14:35,552,237,4.36,1,0.714,561,265,4.89,1,1.29,569,240,4.50,1,0.802,561,255,4.82,1,1.35,564,246,4.60,0.789
2023-06-06 19:14:40,549,236,4.34,1,0.787,567,265,4.87,1,1.41,575,240,4.54,1,0.802,556,263,4.81,1,1.38,558,246,4.55,0.789
2023-06-06 19:14:45,551,223,4.34,1,0.746,561,266,4.89,1,1.29,575,231,4.52,1,0.501,556,263,4.75,1,1.55,567,245,4.77,0.717
2023-06-06 19:14:50,547,236,4.30,1,0.757,562,239,4.89,1,1.04,569,235,4.53,1,0.508,565,264,4.85,1,1.65,559,245,4.80,0.789
2023-06-06 19:14:55,551,236,4.38,1,0.735,567,266,4.87,1,1.16,570,243,4.53,1,0.535,563,264,4.76,1,1.65,564,245,4.83,0.789
2023-06-06 19:15:00,556,236,4.38,1,0.750,564,253,4.82,1,1.08,572,238,4.57,1,0.729,563,262,4.80,1,1.50,561,244,4.75,0.686
2023-06-06 19:15:05,559,236,4.45,1,0.801,564,266,4.90,1,1.29,573,244,4.52,1,0.766,562,262,4.72,1,1.37,566,245,4.75,0.787
2023-06-06 19:15:10,555,236,4.43,1,0.829,566,266,4.89,1,1.12,570,244,4.53,1,0.766,560,262,4.76,1,1.22,554,246,4.72,0.717
2023-06-06 19:15:15,563,236,4.51,1,0.829,559,266,4.89,1,1.12,565,243,4.49,1,0.478,560,263,4.82,1,1.15,565,246,4.76,0.742
2023-06-06 19:15:20,561,221,4.47,1,0.865,554,252,4.90,1,1.02,567,243,4.50,1,0.524,563,263,4.85,1,1.17,561,245,4.73,0.799
2023-06-06 19:15:25,564,238,4.48,1,0.775,551,265,4.92,1,0.756,562,243,4.44,1,0.524,563,250,4.81,1,1.26,563,245,4.90,0.721
2023-06-06 19:15:30,559,238,4.46,1,0.753,550,265,4.87,1,0.756,563,243,4.46,1,0.524,561,260,4.88,1,1.47,566,245,4.86,0.742
2023-06-06 19:15:35,523,235,4.49,1,0.811,519,256,4.93,1,0.805,529,243,4.41,1,0.524,522,255,4.96,1,1.42,569,237,4.90,0.796
2023-06-06 19:15:40,471,223,4.63,1,0.977,475,256,4.91,1,0.805,484,238,4.55,1,0.553,478,256,5.11,1,1.26,526,243,4.69,0.810
2023-06-06 19:15:45,438,216,4.70,1,0.988,428,248,5.33,1,0.827,468,222,4.79,1,0.781,495,243,18.3,1,1.12,476,235,4.79,0.779
2023-06-06 19:15:50,454,215,16.4,1,0.799,394,247,6.29,1,0.850,472,222,9.19,1,0.781,492,243,19.8,1,1.10,434,216,4.78,0.766
2023-06-06 19:15:55,458,211,19.8,1,1.01,402,228,13.4,1,0.819,478,221,9.11,1,0.760,496,239,19.3,1,0.894,453,214,14.4,0.798
2023-06-06 19:16:00,456,208,18.2,1,1.16,393,221,21.8,1,0.782,479,219,9.80,1,0.831,502,239,20.2,1,0.830,445,196,14.8,0.481
2023-06-06 19:16:05,463,209,22.8,1,1.16,401,222,22.1,1,0.844,485,219,9.07,1,0.831,503,239,19.7,1,0.830,458,214,14.9,0.531
2023-06-06 19:16:10,460,197,18.8,1,1.07,404,210,22.6,1,0.788,490,186,9.40,1,0.801,504,240,20.7,1,0.829,451,213,13.7,0.507
2023-06-06 19:16:15,467,203,22.9,1,0.957,410,220,23.7,1,0.881,493,219,9.34,1,0.771,508,241,20.9,1,0.798,457,216,14.9,0.468
2023-06-06 19:16:20,469,202,22.4,1,1.05,414,220,23.1,1,0.881,495,218,9.98,1,0.791,511,242,21.5,1,1.10,457,214,9.55,0.500
2023-06-06 19:16:25,476,212,25.4,1,1.08,418,218,30.4,1,0.858,504,218,9.83,1,0.791,517,242,21.0,1,1.10,462,214,10.8,0.500
2023-06-06 19:16:30,517,213,23.3,1,1.12,451,208,24.9,1,0.773,535,218,9.74,1,0.797,563,244,20.1,1,1.08,465,202,9.91,0.511
2023-06-06 19:16:35,573,205,24.5,1,1.13,496,216,24.5,1,1.04,585,218,7.76,1,0.753,611,245,17.5,1,0.768,510,219,9.60,0.759
2023-06-06 19:16:40,611,213,20.0,1,1.12,551,224,20.8,1,1.04,604,220,4.94,1,0.684,601,244,5.28,1,0.782,563,219,8.35,0.759
2023-06-06 19:16:45,601,217,4.84,1,1.28,578,217,22.9,1,0.881,604,218,4.63,1,0.466,612,244,5.41,1,0.782,611,216,7.71,0.877
2023-06-06 19:16:50,600,215,4.84,1,1.11,580,222,10.1,1,1.08,599,220,4.64,1,0.488,615,246,5.66,1,0.742,601,203,4.65,0.814
2023-06-06 19:16:55,605,216,4.88,1,1.06,590,222,6.89,1,1.13,599,220,4.59,1,0.476,617,246,5.93,1,0.742,611,223,4.69,0.781
2023-06-06 19:17:00,601,219,4.82,1,0.919,591,227,7.03,1,1.02,599,219,4.63,1,0.513,620,248,6.12,1,0.674,609,220,4.66,0.829
2023-06-06 19:17:05,603,208,4.88,1,1.09,599,211,6.95,1,1.11,599,220,4.63,1,0.505,628,247,5.26,1,0.680,618,224,4.74,0.751
2023-06-06 19:17:10,596,216,4.82,1,1.13,599,224,7.98,1,1.19,600,206,4.63,1,0.473,628,247,6.51,1,0.680,617,225,4.72,0.796
2023-06-06 19:17:15,601,219,4.87,1,1.00,594,224,8.53,1,1.19,604,222,4.60,1,0.802,630,234,6.55,1,0.403,620,224,4.75,0.775
2023-06-06 19:17:20,599,219,4.84,1,1.00,595,230,6.75,1,1.03,606,222,4.67,1,0.758,626,255,6.56,1,0.709,618,226,4.70,0.745
2023-06-06 19:17:25,603,228,4.86,1,1.08,595,230,7.77,1,1.12,610,222,4.67,1,0.758,633,255,6.10,1,0.709,621,226,4.72,0.804
2023-06-06 19:17:30,603,236,4.81,1,1.06,597,239,7.53,1,1.01,613,245,4.76,1,0.455,628,269,6.48,1,0.721,618,238,4.71,0.771
2023-06-06 19:17:35,611,243,4.87,1,1.03,599,268,7.74,1,1.14,618,245,4.75,1,0.455,624,272,5.97,1,0.728,620,256,4.74,0.550
2023-06-06 19:17:40,611,250,4.83,1,0.733,607,268,5.95,1,1.14,613,249,4.71,1,0.454,623,272,6.17,1,0.949,614,256,4.72,0.550
2023-06-06 19:17:45,611,251,4.89,1,0.730,603,256,6.88,1,1.13,614,249,4.69,1,0.451,620,274,6.10,1,1.06,608,235,4.68,0.497
2023-06-06 19:17:50,611,251,4.83,1,0.730,602,272,6.34,1,1.31,624,249,4.78,1,0.451,616,274,5.69,1,1.06,609,257,4.68,0.494
2023-06-06 19:17:55,611,239,4.88,1,0.995,605,274,6.36,1,1.20,627,230,4.76,1,0.437,615,273,4.99,1,0.969,611,257,4.69,0.494
2023-06-06 19:18:00,612,250,4.86,1,1.06,602,274,5.89,1,1.18,631,251,4.79,1,0.478,618,273,5.58,1,1.05,611,258,4.64,0.520
2023-06-06 19:18:05,617,250,4.96,1,1.03,607,276,5.79,1,1.31,628,251,4.79,1,0.478,623,273,4.96,1,1.08,616,244,4.67,0.470
2023-06-06 19:18:10,612,233,4.90,1,0.925,613,276,5.65,1,1.31,626,252,4.79,1,0.710,625,275,4.97,1,0.768,614,259,4.65,0.739
2023-06-06 19:18:15,615,243,4.97,1,0.998,613,261,6.94,1,1.04,621,252,4.74,1,0.832,628,275,4.95,1,0.793,620,246,4.71,0.501
2023-06-06 19:18:20,612,250,4.91,1,1.03,612,274,6.10,1,1.11,620,252,4.74,1,0.832,629,250,5.32,1,0.815,618,260,4.69,0.516
2023-06-06 19:18:25,611,249,4.92,1,0.962,611,274,7.93,1,0.997,616,252,4.65,1,1.03,635,275,5.22,1,0.820,618,260,4.71,0.540
2023-06-06 19:18:30,602,249,4.86,1,0.759,605,274,7.29,1,1.01,616,253,4.73,1,1.12,635,267,6.47,1,0.819,621,260,4.65,0.540
2023-06-06 19:18:35,601,249,4.85,1,0.746,606,273,7.70,1,0.798,619,252,4.73,1,1.00,642,276,6.53,1,0.838,629,254,4.70,0.519
2023-06-06 19:18:40,601,248,4.77,1,0.666,602,273,7.49,1,0.765,622,253,4.81,1,1.10,646,276,7.12,1,0.838,634,260,4.70,0.553
2023-06-06 19:18:45,603,248,4.86,1,0.764,604,272,8.52,1,0.668,619,253,4.74,1,1.08,652,268,7.26,1,1.05,635,260,4.78,0.553
2023-06-06 19:18:50,603,248,4.82,1,0.764,604,272,8.60,1,0.739,616,254,4.77,1,0.940,653,277,8.24,1,1.21,633,260,4.80,0.532
2023-06-06 19:18:55,603,234,4.82,1,0.700,605,271,9.31,1,0.686,616,243,4.77,1,0.728,641,277,7.33,1,1.21,633,259,4.85,0.551
2023-06-06 19:19:00,601,249,4.75,1,0.727,600,254,8.64,1,0.730,619,255,4.82,1,0.764,640,243,8.20,1,0.887,631,259,4.81,0.551
2023-06-06 19:19:05,601,249,4.81,1,0.727,602,270,8.68,1,0.743,619,254,4.80,1,0.693,635,277,8.03,1,1.21,634,253,4.83,0.564
2023-06-06 19:19:10,596,241,4.76,1,0.735,597,263,7.87,1,0.752,624,254,4.83,1,0.693,633,277,8.64,1,1.21,632,261,4.79,0.800
2023-06-06 19:19:15,601,235,4.80,1,0.419,602,270,8.75,1,0.764,622,254,4.81,1,0.730,627,276,7.91,1,1.12,633,261,4.82,0.800
2023-06-06 19:19:20,598,249,4.80,1,0.393,607,249,7.40,1,0.771,626,254,4.84,1,0.730,632,276,8.29,1,1.20,637,262,4.82,0.848
2023-06-06 19:19:25,602,249,4.81,1,0.424,610,272,8.30,1,0.707,624,254,4.80,1,0.730,634,276,7.35,1,1.16,635,253,4.88,0.829
2023-06-06 19:19:30,603,250,4.80,1,0.724,606,250,7.83,1,0.416,625,254,4.83,1,0.707,623,277,7.47,1,1.14,637,264,4.86,0.821
2023-06-06 19:19:35,611,250,4.88,1,0.724,614,271,8.85,1,0.441,621,254,4.76,1,0.707,623,277,6.57,1,1.16,634,265,4.89,0.843
2023-06-06 19:19:40,608,251,4.84,1,0.461,615,270,8.35,1,0.675,623,254,4.86,1,0.724,619,278,6.72,1,1.26,639,265,4.83,0.826
2023-06-06 19:19:45,611,251,4.86,1,0.478,608,270,8.59,1,0.675,622,248,4.82,1,0.680,618,260,6.18,1,1.14,637,265,4.86,0.745
2023-06-06 19:19:50,612,251,4.84,1,0.453,610,268,7.58,1,0.446,621,255,4.82,1,0.713,622,277,7.25,1,1.35,634,264,4.81,0.529
2023-06-06 19:19:55,611,239,4.86,1,0.482,610,268,7.53,1,0.404,623,255,4.80,1,0.449,620,267,5.70,1,1.48,633,264,4.86,0.543
2023-06-06 19:20:00,616,252,4.78,1,0.418,608,268,7.17,1,0.418,623,255,4.83,1,0.401,618,276,5.53,1,1.51,631,248,4.82,0.497
2023-06-06 19:20:05,619,252,4.87,1,0.446,610,268,8.57,1,0.443,619,255,4.78,1,0.401,623,274,4.98,1,1.30,631,263,4.83,0.476
2023-06-06 19:20:10,619,252,4.87,1,0.446,602,268,7.62,1,0.443,617,255,4.81,1,0.399,623,274,5.00,1,1.49,629,256,4.80,0.491
2023-06-06 19:20:15,621,253,4.93,1,0.503,601,262,7.82,1,0.479,612,255,4.77,1,0.398,616,274,4.96,1,1.49,630,264,4.80,0.456
2023-06-06 19:20:20,619,255,4.93,1,0.472,604,270,7.90,1,0.451,613,255,4.79,1,0.398,618,260,5.02,1,1.40,631,264,4.76,0.503
2023-06-06 19:20:25,616,256,4.98,1,0.502,609,257,8.91,1,0.470,615,255,4.81,1,0.396,623,274,4.97,1,1.68,633,264,4.80,0.462
2023-06-06 19:20:30,614,256,4.92,1,0.502,605,271,7.57,1,0.518,621,254,4.86,1,0.440,625,273,5.44,1,1.67,630,264,4.78,0.462
2023-06-06 19:20:35,578,256,4.96,1,0.442,583,267,7.78,1,0.768,600,255,4.75,1,0.450,585,267,5.31,1,1.48,625,248,4.76,0.745
2023-06-06 19:20:40,529,257,7.44,1,0.500,539,267,7.32,1,0.768,554,255,4.85,1,0.450,530,267,6.89,1,1.48,597,264,4.71,0.819
2023-06-06 19:20:45,473,249,9.36,1,0.479,482,257,9.24,1,0.781,501,240,4.84,1,0.440,478,245,6.63,1,1.15,542,259,4.81,0.797
2023-06-06 19:20:50,454,234,9.90,1,0.448,432,244,9.45,1,0.733,507,230,24.0,1,0.455,497,237,49.4,1,1.15,504,240,4.80,0.683
2023-06-06 19:20:55,453,225,43.0,1,0.721,440,231,9.89,1,0.751,497,230,23.3,1,0.455,488,238,50.8,1,1.04,515,237,9.53,0.448
2023-06-06 19:21:00,452,218,38.1,1,0.855,431,231,49.6,1,0.751,501,210,25.6,1,0.396,494,238,55.9,1,1.04,508,233,9.55,0.473
2023-06-06 19:21:05,455,221,41.4,1,0.776,443,203,51.4,1,0.819,503,227,23.4,1,0.440,496,228,56.4,1,1.18,521,236,12.9,0.708
2023-06-06 19:21:10,459,221,36.8,1,0.776,445,222,51.0,1,0.785,510,227,25.4,1,0.440,505,237,58.2,1,1.10,518,217,13.2,0.790
2023-06-06 19:21:15,464,212,40.9,1,0.745,442,230,52.5,1,0.769,513,215,23.8,1,0.451,508,234,57.2,1,0.886,522,229,15.5,0.847
2023-06-06 19:21:20,463,218,38.4,1,0.513,441,233,50.3,1,0.712,517,230,25.0,1,0.432,511,239,58.6,1,1.10,519,236,14.6,0.774
2023-06-06 19:21:25,464,222,40.9,1,0.464,451,229,52.9,1,0.501,516,230,23.2,1,0.432,512,238,58.5,1,1.12,532,236,16.7,0.774
2023-06-06 19:21:30,501,212,39.0,1,0.525,473,231,53.4,1,0.525,536,224,24.1,1,0.457,558,233,57.7,1,0.948,533,232,16.5,0.880
2023-06-06 19:21:35,555,219,39.3,1,0.545,527,229,52.5,1,0.538,592,215,15.0,1,0.457,617,240,53.9,1,0.854,568,239,16.6,1.03
2023-06-06 19:21:40,610,219,35.4,1,0.879,586,231,51.3,1,0.849,643,232,13.0,1,0.705,675,238,51.0,1,0.846,626,238,14.0,1.01
2023-06-06 19:21:45,632,220,34.5,1,0.854,645,233,50.2,1,0.824,641,230,4.87,1,0.763,661,238,10.1,1,0.846,673,235,13.2,1.18
2023-06-06 19:21:50,632,218,6.71,1,0.840,640,235,48.2,1,1.01,651,222,4.90,1,0.769,678,223,13.0,1,0.881,669,239,7.00,1.06
2023-06-06 19:21:55,641,220,11.1,1,0.864,658,233,25.8,1,1.10,656,231,4.88,1,0.797,678,242,10.8,1,0.824,686,239,7.55,1.07
2023-06-06 19:22:00,635,220,8.70,1,1.18,649,235,27.4,1,1.08,660,233,4.95,1,0.524,680,242,11.5,1,0.825,683,239,6.32,1.07
2023-06-06 19:22:05,639,220,13.5,1,1.18,651,217,27.3,1,1.14,661,234,4.94,1,0.503,676,224,9.89,1,0.552,685,243,6.59,1.09
2023-06-06 19:22:10,638,220,8.09,1,1.18,655,236,24.6,1,1.09,664,234,4.96,1,0.545,679,241,11.9,1,0.878,685,243,5.76,1.09
2023-06-06 19:22:15,643,224,11.2,1,1.35,658,235,25.9,1,1.07,665,237,4.98,1,0.463,680,242,11.2,1,0.855,689,240,6.46,0.915
2023-06-06 19:22:20,642,221,13.0,1,1.52,644,235,22.3,1,0.888,664,238,5.85,1,0.446,677,242,11.1,1,0.855,687,246,5.32,0.781
2023-06-06 19:22:25,653,221,20.7,1,1.53,649,240,23.5,1,0.761,666,237,5.70,1,0.477,677,257,9.90,1,0.814,691,251,5.99,0.810
2023-06-06 19:22:30,650,227,20.5,1,1.36,640,249,20.8,1,0.777,660,247,6.16,1,0.753,682,270,12.4,1,0.865,691,251,5.62,0.830
2023-06-06 19:22:35,651,256,25.3,1,1.28,643,258,23.2,1,0.766,664,263,5.68,1,0.842,686,278,11.9,1,0.843,695,273,6.26,1.12
2023-06-06 19:22:40,654,256,20.7,1,1.28,639,265,19.6,1,0.807,666,263,7.21,1,0.842,687,278,12.8,1,0.859,695,273,6.18,1.12
2023-06-06 19:22:45,662,261,25.9,1,1.12,636,278,18.9,1,0.809,675,268,7.45,1,1.14,687,282,11.1,1,1.15,697,279,6.65,1.09
2023-06-06 19:22:50,653,253,21.8,1,1.10,631,278,11.4,1,0.992,671,269,7.55,1,1.12,683,283,11.3,1,1.13,693,281,6.15,0.805
2023-06-06 19:22:55,667,263,24.8,1,1.20,632,269,13.4,1,1.13,671,269,6.76,1,1.12,684,275,10.2,1,1.11,691,281,6.79,0.783
2023-06-06 19:23:00,661,263,22.1,1,1.06,633,278,9.48,1,1.12,668,261,6.81,1,0.973,684,281,12.7,1,1.14,687,274,6.36,0.756
2023-06-06 19:23:05,662,248,24.7,1,1.15,635,278,14.7,1,1.12,671,269,7.11,1,1.13,682,281,10.9,1,1.16,686,281,7.16,0.764
2023-06-06 19:23:10,664,263,22.2,1,1.24,636,278,14.4,1,1.36,663,269,6.87,1,1.13,688,281,12.0,1,1.14,683,280,6.60,0.787
2023-06-06 19:23:15,662,263,24.3,1,1.12,649,278,23.9,1,1.34,670,261,6.18,1,0.963,687,281,11.3,1,1.11,687,280,7.11,0.725
2023-06-06 19:23:20,646,263,14.6,1,1.07,651,278,21.8,1,1.19,671,251,6.56,1,0.744,688,281,12.8,1,1.24,685,281,6.31,0.535
2023-06-06 19:23:25,655,264,9.41,1,0.872,652,278,27.5,1,1.38,673,268,6.12,1,0.811,684,265,11.0,1,1.15,686,274,6.77,0.519
2023-06-06 19:23:30,656,264,8.31,1,0.893,650,278,22.7,1,1.38,673,267,7.05,1,0.700,682,274,11.9,1,1.34,682,280,6.13,0.762
2023-06-06 19:23:35,657,262,8.48,1,0.794,655,278,27.7,1,1.25,667,260,6.33,1,0.665,684,281,12.3,1,1.60,677,273,6.34,0.803
2023-06-06 19:23:40,650,247,7.23,1,0.534,659,278,27.7,1,1.08,659,266,5.92,1,0.759,684,281,13.0,1,1.60,675,280,5.42,0.744
2023-06-06 19:23:45,658,262,8.24,1,0.541,660,271,31.5,1,1.09,661,258,5.51,1,0.973,688,282,12.2,1,1.65,679,280,6.15,0.769
2023-06-06 19:23:50,644,262,8.17,1,0.474,661,277,30.8,1,1.09,665,265,6.15,1,1.01,693,282,14.1,1,1.65,679,280,5.56,0.782
2023-06-06 19:23:55,650,262,8.06,1,0.447,664,277,34.0,1,1.09,668,264,6.18,1,1.02,688,283,12.3,1,1.56,687,280,5.85,0.757
2023-06-06 19:24:00,645,260,7.77,1,0.156,660,276,32.5,1,1.05,665,250,6.20,1,1.13,689,283,12.7,1,1.42,688,280,5.02,0.724
2023-06-06 19:24:05,644,259,8.05,1,0.187,657,277,34.7,1,1.24,671,264,6.40,1,1.03,685,283,11.5,1,1.40,691,280,5.72,0.835
2023-06-06 19:24:10,646,259,6.84,1,0.187,654,278,30.0,1,1.43,669,264,6.42,1,1.03,690,283,12.9,1,1.62,690,280,5.24,0.835
2023-06-06 19:24:15,662,250,7.60,1,0.151,653,278,30.8,1,1.42,675,264,5.81,1,0.798,694,284,14.0,1,1.44,695,264,6.26,0.758
2023-06-06 19:24:20,656,257,8.56,1,0.164,653,277,27.9,1,1.54,679,248,6.46,1,0.691,692,284,14.7,1,1.41,694,267,6.06,0.443
2023-06-06 19:24:25,660,258,12.1,1,0.139,658,277,29.0,1,1.67,680,267,5.46,1,0.916,693,283,13.5,1,1.25,696,280,6.61,0.466
2023-06-06 19:24:30,652,242,12.3,1,0.135,649,270,26.9,1,1.66,688,267,5.60,1,0.771,690,283,13.3,1,1.44,699,279,6.15,0.508
2023-06-06 19:24:35,648,257,16.2,1,0.464,652,277,28.3,1,1.69,691,267,5.45,1,0.984,690,283,12.8,1,1.46,701,279,6.77,0.498
2023-06-06 19:24:40,645,256,10.2,1,0.440,651,277,28.1,1,1.69,685,267,5.80,1,0.984,689,283,12.9,1,1.44,693,279,6.53,0.498
2023-06-06 19:24:45,642,255,10.1,1,0.455,653,277,32.0,1,1.71,687,260,5.43,1,1.14,685,284,11.2,1,1.69,692,279,6.77,0.495
2023-06-06 19:24:50,641,255,8.45,1,0.455,648,240,30.0,1,1.42,687,268,5.07,1,1.08,692,277,12.5,1,1.68,692,279,6.45,0.505
2023-06-06 19:24:55,651,254,9.05,1,0.457,646,277,30.8,1,1.75,687,268,4.96,1,1.08,686,284,11.9,1,1.40,697,280,7.32,0.482
2023-06-06 19:25:00,651,254,8.95,1,0.440,648,277,27.4,1,1.72,685,269,5.01,1,1.22,685,284,12.8,1,1.43,691,266,7.21,0.479
2023-06-06 19:25:05,648,254,10.9,1,0.442,646,276,29.3,1,1.71,688,270,5.46,1,1.11,678,283,10.9,1,1.41,696,282,8.01,0.487

